标题,来源,时间,问题,回答
山东理科,ai*** (山东),2016-06-27 12:00,老师您好，在威海校区是否有二本专业，515分报考的话希望大吗,"
                                    无二本专业。"
陕西理科,jo*** (陕西),2016-06-26 16:17,你好老师，我是陕西理科考生，位次7600左右，超一本线121分，可以报考贵校哪些专业？,"
                                    可以选一些分数相对较低的专业报考，如果专业不喜欢，大一下半学期有转专业机会。"
退档问题,sh***ilin (辽宁),2016-06-14 10:33,你好，考生左右眼视力均为4.8，无其他方面问题，专业服从调剂，有退档可能吗？,"
                                    无"
老师您好：如果志愿服从调剂，体检合格，进档后，是否一定不会被,qi***6 (山东),2016-06-13 16:42,老师您好：如果志愿服从调剂，体检合格，进档后，是否一定不会被退档？谢谢。（注：我是山东考生，山东省实行平行志愿）,"
                                    是"
威海校区毕业证,li*** (内蒙古),2016-06-12 16:27,老师，您好！威海校区的毕业证和本部的一样吗？,"
                                    一样"
录取问题,75*** (北京),2017-06-28 16:56,北京考生612分，有希望进贵校吗,"
                                可以报考"
综合评价考生,wz*** (山东),2017-06-28 16:53,综合评价已进入合格名单，官网上公布的名单是按照名次排的吗？我高考分数为596，位次18844，今日填报了提前批志愿，有希望吗？,"
                                是按照名次排序的，你这个分数有希望"
我是山西理科考生，高考成绩542,15***44 (山西),2017-06-28 16:38,您好，请问我报考贵校能否被录取？,"
                                冲击稍有困难"
第一志愿与后几个志愿之间分数差,qi*** (山东),2017-06-28 16:08,请问第一志愿如果不被录取 报考第二志愿时分数会被降几分 后边几个志愿又是怎么降分的呢？谢谢,"
                                专业无极差"
北京理科男生,ya***en (北京),2017-06-28 14:39,今年高考603分，请问报考贵校把握大吗？,"
                                把握不是很大"
专业咨询,39*** (山东),2017-06-28 14:38,老师您好，我的成绩在山东省10800，我想咨询一下我在贵校我能否选择到电气工程与自动化专业或者计算机科学。哈工大威海分校的毕业证和本校是一样的吗？,"
                                报考把握很大，威海校区和哈尔滨校区毕业证相同，没有任何差别"
招生、录取,lw*** (广东),2017-06-28 13:01,1、威海校区在广东今年有招生吗？ 2、广东理科553分，排17823名能录取机会大吗？,"
                                有招生。机会不是很大"
江苏考生咨询,lb***l (江苏),2017-06-28 12:46,您好，我的高考成绩为366，位次11116，A+A+。请问可以报考贵校吗？有希望被焊接技术和工程专业或机械设计制造及其自动化专业录取吗？,"
                                可以报考。"
河南理科580,bi***g1004 (河南),2017-06-28 11:20,河南考生，理科580分，位次13549，报考贵校机会大吗？选择好的专业的机会大吗？,"
                                有机会。"
录取及退档,wp*** (山西),2017-06-28 11:13,老师好，我是山西理科女生。成绩554分，位次5970，请问报贵校希望大吗？如果提档后服从调剂会被退档吗？,"
                                希望还是有的，可以报考。提档以后，专业服从调剂，不退档。"
甘肃国家专项,mi***y (甘肃),2017-06-28 09:32,老师您好，甘肃理科考生537分，请问国家专项有机会报考吗？,"
                                有机会报考"
报考咨询,22***8 (广东),2017-06-28 09:30,老师您好！我是广东理科考生，仅高一本线15分，省排名51749。请问被录取的几率大吗？,"
                                这个分数报考的机会不是太大"
录取问题,xi***ng (河南),2017-06-27 16:38,老师您好，河南理科考生584分，段次在12032，报考贵校有希望被录取吗？另外，贵校对同意调剂考生退档吗 ?有 专业极差吗？贵校理科优势学科有哪些？,"
                                有希望，可以报。服从专业调剂，提档不退档，无专业级差。数学、物理、化学类都很优秀"
咨询,zj*** (内蒙古),2017-06-27 14:43,老师你好，我是内蒙古理科考生，超一本线60分，报考贵校服从调剂有希望录取吗？谢谢。,"
                                希望不是很大"
咨询,zj*** (内蒙古),2017-06-27 14:39,老师你好，我是内蒙古理科考生，超一本线60分，如报考贵校免费师范生且服从调剂有希望录取吗？谢谢。,"
                                你好，希望不大"
贵州理科考生534,mi*** (贵州),2017-06-27 13:24,老师你好，我是贵州理科考生，高考分数534，高一本线78分省排名9707，能否报考你校环境工程专业,"
                                可以冲一下"
安徽理科,46*** (安徽),2017-06-27 13:01,您好，我安徽理科生593分，省排名6669名有希望报考吗？,"
                                应该是有些把握的"
我是山西理科考生,36*** (山西),2017-06-27 12:51,我是山西理科考生，今年562分，位次4533---4680之间，能否被贵校录取？能上一个优势专业吗？贵校的毕业证有分校字样吗？谢谢！！！,"
                                可以报，有一些把握，注意专业服从调剂。没有校区字样"
山东考生,su***i2008 (北京),2017-06-27 12:21,老师您好，理科生603分，有希望进贵校吗，急,"
                                有希望，可以冲击一下"
山东考生,su***i2008 (北京),2017-06-27 12:16,老师您好，理科生603分，有希望进贵校吗，急,"
                                可以冲击一下"
录取,du*** (陕西),2017-06-27 11:44,你好，我是陕西理科考生，分数566，超一本线117分，省排名10071，能被录取吗,"
                                你好，可能性不大"
河南考生577分，14743名报考,wt*** (河南),2017-06-27 11:24,你好，河南577分，14743名能报贵校哪些专业呢？同意调剂会被调剂到哪些专业？ 谢谢,"
                                你好，可以冲击一下"
我是山西理科考生,36*** (山西),2017-06-27 11:09,我是山西理科考生，今年562分，位次4533---4680之间，能否被贵校录取？能上一个什么样的专业？谢谢！！！,"
                                可以报考，还是有一些把握。专业需要考生自己挑选"
山东理科,xu***2 (山东),2017-06-27 11:04,老师你好，山东考生名次11157，能报考贵校吗，如果能，则可以报考什么专业,"
                                可以报，比较有把握。专业需要自己挑选"
录取,su*** (河南),2017-06-26 16:44,老师你好! 我是河南理科考生，579分，省排名13936，有几率被贵校录取吗,"
                                可以冲击一下"
山东理科考生,jz*** (山东),2017-06-26 16:30,老师您好，我是今年的山东理科考生，分数621，省排名8492，报考贵校能否录到一个比较好的专业？,"
                                可以录到一个相对不错的专业"
山东理科郑,72*** (山东),2017-06-26 16:25,老师好！山东理科女，613分，位次11303，请问报考贵校有多大希望？ 另外，贵校什么特别突出的专业？万分感谢！！！,"
                                希望挺大。我们学校的特色专业的是车、船、海，理工科专业大部分很优秀"
山东考生,11***21 (山东),2017-06-26 16:19,总分610，排名12396可以报考吗,"
                                可以报考，还是有一定把握的"
报考咨询,ad*** (上海),2017-06-26 16:18,上海考生，539分，排名6068，希望大吗？,"
                                上海和浙江今年高考改革，能够获取的大数据很少，所以没有过多的参考价值，但是从你的名次来看应该是可以。"
报考,ye***gyeye (贵州),2017-06-26 15:19,请问老师：有没有贵校往年在贵州的国家专项计划的录取数据?,"
                                由于其组成数据较为复杂，所以国家专项计划的参考数据并没有参考价值"
哈工大和哈工大威海校区有什么区别？,lu*** (四川),2017-06-26 14:20,老师您好！我是四川考生家长，孩子今年考了623分。请问本部和威海校区毕业学生档案是一样吗？注不注明是在威海校区毕业字样？,"
                                这个分数，建议报考，把握较大。哈工大办学按照一小三校区的格局进行，毕业证和学位证完全一样，不带有区域标示。"
辽宁文科考生报考咨询,sy***axin (辽宁),2017-06-26 13:26,辽宁文科女574，位次2047，英语和朝鲜语录取机率大吗？ 是否投档不退档？ 考研的话是否享受本部一样的待遇？,"
                                你好，录取几率较大，如果服从专业调剂，投档不退档。考研机会均等"
录取,sh***j (辽宁),2017-06-26 12:37,辽宁考生，位次8000，高一本线109分有无希望报考,"
                                可以冲击一下"
江苏考生咨询,zh***nlh (江苏),2017-06-26 12:31,请问江苏理科生，366分，物理化学双A，省内排名11116，可否报考贵校？谢谢，望回复。,"
                                可以报考"
四川理科,xi***ibisheng (四川),2017-06-26 12:25,你好，四川理科624，有希望被录取吗？如果能，能否进入车辆工程或海洋船舶这类优势专业吗？谢谢。,"
                                进入这两个专业的几率较大"
山东考生关于报考的咨询,13***42 (山东),2017-06-26 12:08,"您好,2107山东考生612分省11622名可以报考贵校的车辆工程专业吗？","
                                可以报一下试试。"
山东考生报考咨询,11***4 (山东),2017-06-26 12:02,您好，我是2017年山东理科考生取得612分的成绩，报考本校有希望吗？可以报车辆工程专业吗？，如果不可以的话可以报那些机械类的专业？谢谢老师,"
                                有希望进学校，这两个专业历年分数较高，但可以试试"
河北理科,42***iro (河北),2017-06-26 11:27,老师您好，我想咨询以下两个问题：1.高考成绩621，省内排名5739能否被贵校录取？2.请问所报专业间有无专业级差？如果有，具体是多少分？感谢您的解答。,"
                                录取几率较大，专业无级差"
安徽理科593，6687名报考贵校有希望吗？能报哪些专业,my*** (安徽),2017-06-26 11:17,计算机类可以吗,"
                                有希望，专业需要考生自己选择"
录取机率,xi***g6699 (山东),2017-06-26 11:03,老师 您好！我是山东考生，今年理科575分，报考贵校被录取的机率大吗？谢谢！,"
                                录取几率不大"
湖北考生,99***225750603 (湖北),2017-06-26 10:12,老师好，湖北理工591分、8351名上贵校机会大么？谢谢！,"
                                机会较大"
天津考生，609分，能否尝试报考贵校？,mu*** (天津),2017-06-25 16:59,天津考生，理，609分，高一本线88分。 今年报考哈工大（威海）是否有希望，服从调剂后大一下学期转专业有没有专业限制？,"
                                可以报。专业排名进入50%就有机会转专业"
山东考生,18***27 (山东),2017-06-25 16:23,我是山东考生，今年我考了593分，全省20341，我通过了贵校的高校专项计划招生，不知道最后被录取的机会大吗,"
                                录取几率较大"
山东理科,11***21 (山东),2017-06-25 16:12,总分610，排名12396可以报考吗,"
                                可以报考，几率较大"
甘肃考生,13***25 (甘肃),2017-06-25 15:40,老师您好，我是甘肃的，532，省7608，报贵校有希望么？,"
                                希望不大"
报考,15***29 (陕西),2017-06-25 15:17,老师，我是陕西的一名考生，高考分数584，名次是7204.省一本线449分，我可以享受单设政策，请问我报考贵校有没有希望？,"
                                可以报考"
想报考贵校,yz*** (湖南),2017-06-25 15:01,湖南考生。理科。572分。排名11607名。报考贵校有多大几率被录取吗？,"
                                机会不大"
湖北理工,13***96 (湖北),2017-06-25 14:33,老师您好 湖北理工 602 分 省排名6051 报考贵校交通运输类有没机会？,"
                                有机会，机会较大"
湖北考生,18***40 (湖北),2017-06-25 14:18,我今年高考569，位次为14394，高出一本线85分，请问报考贵校有没有希望,"
                                希望不是太大"
河南考生咨询,zj*** (河南),2017-06-25 13:44,分数586，位次11300，专业同意调剂，有希望被贵校录取吗？谢谢！,"
                                有希望，希望较大"
湖北考生 585分 省排名9818名 录取概率大吗？,34*** (湖北),2017-06-25 13:38,湖北考生 585分 省排名9818名 录取概率大吗？,"
                                录取概率较大"
山东考生,11***21 (山东),2017-06-25 13:37,总分618，排名12396可以报考可以吗,"
                                可以报考，录取几率较大"
咨询,58*** (福建),2017-06-25 13:36,福建理科559，排名4500能进贵校吗,"
                                可以报考"
广西,ll***9 (广西),2017-06-25 11:54,老师好，我是广西理科生，总分521，超一本线48分，省位次12571，报贵校几率如何？谢谢老师,"
                                可以报考，有希望"
咨询,zx*** (云南),2017-06-25 11:41,请问你们的毕业证和本部是一样的吗？有没有区别？,"
                                一模一样，没有任何区别"
河北考生599分，排名11030可以被录取吗?,as*** (河北),2017-06-25 11:13,调档后不会被退档吗？,"
                                录取几率较大，平行志愿，服从专业调剂，投档后不退档"
报考贵校招收的电子信息类，录取后何时分成具体专业,97*** (辽宁),2017-06-25 11:09,报考贵校招收的电子信息类，录取后何时分成具体专业,"
                                一年以后"
安徽理工593分、排名6717名,13***51 (安徽),2017-06-25 10:21,老师您好，我是安徽理工593分、排名6717名，报考可以报贵校，希望大吗?,"
                                希望较大"
贵州理科,ye***gyeye (贵州),2017-06-25 10:09,请问老师：我是贵州理科考生，考分548排6863，有国家专项计划资格，报考贵校有希望吗？,"
                                希望较大"
请问毕业证上是否注明分校,my*** (安徽),2017-06-25 10:04,请问毕业证上是否注明分校,"
                                不注明"
安徽理科593，6687名报考贵校有希望吗？能报哪些专业,my*** (安徽),2017-06-25 09:42,通过国家专项报考呢,"
                                希望较大，可以挑自己喜欢的专业"
关于专业调剂问题,z5***2 (四川),2017-06-24 16:51,“工学、理学”类专业会不会被调剂到“文学”类？谢谢,"
                                不会"
住宿问题,on*** (吉林),2017-06-24 15:59,老师您好，我想问一下关于贵校的住宿条件是什么样的呢,"
                                四人间，有洗衣机，有可能是海景宿舍"
报考,18***75 (甘肃),2017-06-24 13:33,甘肃理科考生，549分，排名5281，请问能上贵校吗？,"
                                可以冲击一下"
提前批四川招生计划,hy*** (四川),2017-06-24 12:13,请问今年在四川有提前批招生计划吗？具体专业有哪些？？,"
                                没有"
湖北考生,zy*** (湖北),2017-06-24 11:17,湖北考生 理科 588分，有希望填报贵校吗？可填报什么专业？谢谢,"
                                可以报考，几率较大"
咨询,zx*** (云南),2017-06-24 11:00,老师，您好，我是2017年高考云南理工科考生，高考成绩585，全省排名4614，有机会上你们学校吗？,"
                                录取几率较大"
四川考生,li***an (四川),2017-06-24 10:59,老师好，理科591，报考贵校有希望吗？,"
                                希望不大"
2017年招生简章,z5***2 (四川),2017-06-24 10:31,2017年怎么没有招生简章？与哈尔滨工业大学一个招生简章吗？,"
                                对，同一所大学，同一个简章"
能否报考贵校,ji***u (天津),2017-06-24 10:02,我是天津考生，理科男，高一本线49分，报考贵校有希望吗？谢谢,"
                                希望不大"
综合评价招生填报志愿时报几个专业,wa***eng123 (山东),2017-06-24 09:12,1.山东省综合评价招生志愿填报是不是在6月28日的提前批？ 2.综合评价招生填报志愿时报几个专业？是否需要勾选服从调剂？,"
                                专业已经选好，应勾选服从"
广西考生,ll*** (广西),2017-06-23 16:09,你好，我高考563，高出一本90分，全区排名4433，请问可以去贵校学习吗？可以选的专业有什么？,"
                                可以，几率较大。可以挑一个自己喜欢的专业"
高校专项,13***48 (山东),2017-06-23 13:26,贵校高校专项计划在山东能录取多少人？,"
                                只要符合审核资格，就表示可以参加该项"
贵州考生,15***16 (贵州),2017-06-23 10:16,老师，请问贵州考生562分，4700名，被录取的概率大不大，谢谢,"
                                录取概率较大"
青海考生理科，511分，位次1795名，可以报考贵校吗,qh***g (青海),2016-06-28 15:36,您好，我是青海考生理科，511分，位次1795名，可以报考贵校吗？选择机械专业，录取机会大吗？,"
                                可尝试报考"
北京理科考生,zh*** (北京),2016-06-28 15:12,您好，我是北京理科考生，610，有望进入贵校吗？,"
                                有希望被录取，但没有十足把握，建议第一志愿填报。"
专业,ci*** (湖南),2016-06-28 14:50,请问老师可以介绍一下箐英班吗？,"
                                具体可查看我校院系介绍"
招生退档问题,ci*** (湖南),2016-06-28 14:23,老师你好，我是湖南一考生，我想请问如果同分数学校如何提档呢？若都提档，按数学优先录取的话，同分数数学较差的学生档案是参加平行志愿下一志愿还是要征集录取？还有我591分，超一本74，省排名8772名，有希望去哈工大威海校区吗？如果被提档服从调剂一定会被录取吗？,"
                                被提档服从调剂不退档，同分数优先录取数学分数高的，低的不会被提档。"
山东文科,fx*** (山东),2016-06-28 12:54,老师您好，山东文科考生高一本线40分，排位4900左右，报考贵校，有希望吗？如果分数高于投档线，专业服从调剂，无其他原因，会被退档吗？,"
                                不会被退档，可尝试报考。"
录取概率,wa***ia2013 (山东),2016-06-28 12:20,老师您好，我是山东考生，理科607分全省22465名，报考贵校有希望吗？谢谢。,"
                                希望不大，不建议报考。"
福建考生,78*** (福建),2016-06-28 11:40,我是福建考生，理科分数571分，排名6422名。能不能上电气工程及自动化专业吗,"
                                您的分数可以冲一下我们学校，但是专业选择空间不大。"
山东考生,sh*** (山东),2016-06-28 11:24,老师您好 614分 排名18179 报考本校有希望么？,"
                                可尝试报考，但是希望不大。"
山东理科考生638分，7848名,13***99 (山东),2016-06-28 10:51,请问老师，这个分数录取希望大不大？能够进电气工程及其自动化专业吗？多谢！,"
                                录取希望很大，可尝试报考。"
山东考生,zg*** (山东),2016-06-28 10:21,山东理科624被车辆工程录取可能性有多大？谢谢老师。,"
                                可能被车辆录取希望不太大。"
山东文科,zh*** (山东),2016-06-28 10:04,你好老师，我山东文科 567分，排名5669，去贵校希望大不大，我偏向英语专业，高考英语成绩135，口语93，录取概率有多少？谢谢,"
                                可尝试报考我校，但没有十足把握。"
录取几率，湖南考生,zh***810 (湖南),2016-06-28 09:11,您好，我是湖南理科考生。高考590，高一本线73分，省排名8997左右，今年有无希望被贵校录取?,"
                                希望较大，欢迎报考我校。"
专业咨询,12*** (山东),2016-06-27 16:57,老师您好，请问贵校知名专业有哪些？,"
                                车辆工程，机械设计及其自动化，电气工程，通信工程等专业。"
山东理科生报考咨询,12*** (山东),2016-06-27 16:56,老师您好，我是山东理科考生，617，高于一本线80，省排名16527，报考贵校有无希望？,"
                                可尝试报考。"
四川考生01,sc*** (四川),2016-06-27 16:54,我是四川理科考生，今年分数596，请问是否有希望报考贵校，我选择了专业调配是否可以转专业，谢谢,"
                                希望不太大，大一下半学期有转专业机会。"
河南理科,ch***6 (河南),2016-06-27 16:30,老师您好，我是河南理科考生，593分，17869位次，报贵校有希望录取吗？谢谢,"
                                希望不太大。"
报考,13***30 (河南),2016-06-27 15:42,老师您好，我是河南理科考生612分，能否在贵校选择自己喜欢的专业？录取时是否有专业级差？,"
                                专业无级差，可尝试报考自己喜欢的专业。"
专业,fa*** (河南),2016-06-27 15:34,到贵校后，想转专业可以吗？会被降级重来大一吗？,"
                                不会降级。"
河南考生,fa*** (河南),2016-06-27 15:32,我是河南考生 ， 理科 608 今天有望被贵校录取吗？,"
                                有希望，可尝试报考我校。"
辽宁文科考生,zs***9 (辽宁),2016-06-27 15:11,您好，我是辽宁文科考生，567分，2065位次，高出一本线42分，请问报考贵校有多大把握被录取？,"
                                把握较大，欢迎报考。"
辽宁文科考生,zs***9 (辽宁),2016-06-27 15:03,辽宁文科，567分，请问录取概率有多少？,"
                                把握较大，可放心报考。"
报考咨询,16***4825 (江苏),2016-06-27 14:51,老师您好，我是江苏理科考生，成绩为373，物理A化学A+，排名12805，服从调剂，能否报考贵校车辆工程？,"
                                可尝试报考我校，但是被车辆录取希望不是很大。"
安徽理科录取,37*** (安徽),2016-06-27 13:44,安徽理科611，排名7158，超一本93分，能录取贵校吗,"
                                希望较大，欢迎报考。"
山东理科考生627，名次11952,su***3 (山东),2016-06-27 11:54,报考贵校的机械自动化、计算机、软件等专业有把握吗？谢谢,"
                                被录取希望较大，欢迎报考。"
河南考生专项计划,sm***e (河南),2016-06-27 11:46,老师好，我是河南理科考生，高考606分，省排名12000，加上国家专项计划有希望吗,"
                                可尝试报考。"
山东考生,xu*** (山东),2016-06-27 11:41,老师您好：我是山东理科生，高考成绩为611分，超分数线74分，全省排名19832，能否报考贵校？？？ 贵校2015年在山东理科招生的最低位次是多少？,"
                                把握不大，但可尝试报考。"
河南理科,ni*** (河南),2016-06-27 11:22,618，是否可以报考本校？专业范围？,"
                                可填报我校，专业选择范围较大。"
录取咨询,18***45 (山东),2016-06-27 10:55,您好，山东考生成绩627，高出一本90分，排名12000左右，报考工商管理专业录取几率怎么样、谢谢。,"
                                今年我校经管类专业按大类招生，统一为经济管理试验班，您的分数可以报考该专业。"
江苏考生,75*** (江苏),2016-06-27 10:54,您好，我是江苏考生373分AA+排名12805，报考贵校希望大吗？,"
                                欢迎报考我校，建议第一志愿填报。"
江西理科考生,15***48 (江西),2016-06-27 10:35,601分服从调剂，能保证100％录取吗。可以选专业吗？,"
                                601分报考我校把握较大，专业选择空间也较大，欢迎报考我校。"
报考志愿,nt*** (江苏),2016-06-27 10:26,请问，我是江苏理科考生，男，369分，想报考贵校，请问有多大可能性录取？谢谢。如投档能进且专业服从调剂，有被退档的可能吗？,"
                                不会被退档，可以冲一下我校。"
江苏理科,13***70 (江苏),2016-06-27 10:22,你好，我是江苏理科考生，高考371今年是否有望被贵校录取？,"
                                无十足把握，但可以冲一下我校。"
山东理科611 位次19915录取几率,q1*** (山东),2016-06-27 09:50,山东理科611 位次19915录取几率,"
                                希望不太大，可以冲一下。"
山东理工,su*** (山东),2016-06-27 09:38,您好，山东理科生624，报贵校软件工程有希望吗？谢谢,"
                                希望较大，可尝试报考。"
陕西考生,ma*** (陕西),2016-06-27 09:37,威海校区的四六级证上会有威海字样吗？,"
                                不会。"
请问四川理科考生608分有机会被贵校录取吗？,ts*** (四川),2016-06-27 09:25,是否一定要填专业调配，以后有机会转专业吗,"
                                可以冲一下我校，不服从专业调剂可能被退档，有转专业机会。"
陕西考生,ma*** (陕西),2016-06-27 09:04,老师您好，我是陕西考生，若是被贵校提档且服从调剂是否会退档？,"
                                不会退档的。"
江苏考生,ti*** (江苏),2016-06-26 16:26,"您好，江苏理科考生，分数为379，全省位,8250，报考贵校有希望吗？","
                                把握较大，欢迎报考。"
报考咨询,10***5 (山东),2016-06-26 16:01,老师您好，我是山东的一名理科考生，今年考了628分，11748名，是否能被贵校录取？另外贵校所派发的毕业证和学位证与哈工大本校有区别吗？是否显示为分校？谢谢,"
                                毕业证相同，欢迎报考我校。"
山东理科593报考有把握吗,wa*** (山东),2016-06-26 15:58,老师您好，请问高出一本线56分，排名31633，报贵校有多大的几率？,"
                                把握不大，不建议报考。"
陕西理科考生,54*** (陕西),2016-06-26 15:46,老师您好 我是陕西理科考生 2016年高考成绩为539分 高出一本线69分 省排名为18867名 服从专业调剂 有国家专项计划 今年报考哈尔滨工业大学威海校区有机会吗？ 希望大还是得冲一下 谢谢,"
                                希望不大，不建议报考。"
山东文科,ki*** (山东),2016-06-26 15:29,您好老师。我是山东文科考生，今年分数570，排名4900左右，请问能不能进入贵校的英语专业。请给予答复，谢谢,"
                                可尝试报考。"
理科,20***kk (福建),2016-06-26 15:16,您好，福建理科考生，582分，4828名，能否上贵校？,"
                                把握较大，欢迎报考。"
志愿填报,wh*** (山东),2016-06-26 14:59,老师您好！山东理科生 成绩628 省排名11627 请问 有希望报考吗/,"
                                希望较大，欢迎报考我校。"
录取几率,we***10115 (河南),2016-06-26 14:56,老师您好 我是河南理科考生 总分615 超线92 排名9145 请问能考上贵校么？,"
                                问题不大，欢迎报考我校。"
陕西考生 584分,lz*** (陕西),2016-06-26 14:25,能报贵校机械工程及其自动化吗？ 有专业推荐吗？,"
                                可冲刺我校，但是报机械可能希望不太大。"
志愿填报,10***5 (内蒙古),2016-06-26 14:18,老师您好，我是内蒙古考生，高出一本线103分，全省排名4600多，报考贵校有希望吗？,"
                                希望较大，可填报我校。"
河南理科,zk*** (河南),2016-06-26 12:52,老师您好，河南理科，超一本67分，位次19387，威海校区有多大几率录取？,"
                                希望不大，不建议报考。"
江苏理科,89***0 (江苏),2016-06-26 12:43,贵校在江苏最低位次大概是多少？ 江苏考生物理化学等级AA+选专业时有加分吗?,"
                                选专业无加分。"
山西理科,wu***a (山西),2016-06-26 12:14,老师您好，高考成绩608分，高出本省一本线89分，位次在2930到3055之间，请问报考贵校有希望吗？谢谢。,"
                                比较有把握，欢迎报考我校。"
山东理科考生624,ve***1 (山东),2016-06-26 12:12,老师您好，今年624报考贵校把握大吗？有没有专业选择空间大吗？,"
                                把握较大，选择空间还是挺大的，最热门的专业比较危险，其他专业还好。"
哈工大和哈工大(威海)区别,di*** (河南),2016-06-26 11:56,老师您好，哈工大(威海)和哈工大有什么区别？哈工大(威海)是公办学校吗？毕业证和哈工大是否一样，另外我是河南理科考生，超一本线70分，报考贵校服从调剂被录取的希望大吗？,"
                                哈威是公办学校，毕业证和本部相同。您的分数报考我校被录取希望不大。"
新疆考生，考分555，排位4039,hz*** (新疆),2016-06-26 11:46,请问，我报考哈工大威海希望大吗？服从调剂,"
                                希望较大，欢迎报考。"
江苏理科,ti*** (江苏),2016-06-26 11:26,考分379分，排名8250多名，报考贵校录取几率如何？填报专业能否给个建议？谢谢老师,"
                                报考我校把握较大，专业选择空间也比较大，建议可以先选择自己喜欢的专业，最后填几个分数较低专业保底。"
志愿填报,mz***10 (内蒙古),2016-06-26 10:53,内蒙古考生 考分604 一本线上120分 排名3206 报考贵校，有多大可能录取？谢谢！,"
                                希望很大，而且专业选择空间很大，欢迎报考我校。"
山西理科609,18***51 (山西),2016-06-26 10:52,山西考生排名多少可以报？大概高出一本分数线多少分,"
                                您的分数报考我校问题不大，欢迎报考。"
山东理科考生,xs***hh (山东),2016-06-26 10:36,高考612分，超一本线75分，位次19507，报考贵校希望大吗？,"
                                可冲一下我校，但是希望不是太大。"
河北理科考生,59*** (河北),2016-06-26 10:06,是哈尔滨工业大学的分校还是校区,"
                                校区。"
报考,15***20 (河南),2016-06-26 10:05,老师您好，我是河南理科考生，在2016高考中考了600分，高出一本线77分，请问能否凭借国家专项计划报考贵校？谢谢！,"
                                可尝试报考。"
报考咨询,13***60 (安徽),2016-06-26 10:04,我是安徽考生，今年高考成绩为594，超一本分数线76分，请问报考贵校有没有希望？谢谢,"
                                可尝试报考，但希望不是特别大。"
重庆理科,50***8sa (重庆),2016-06-26 10:03,全市7800名左右能不能进该校的王牌专业。,"
                                可尝试冲刺我校王牌专业。"
威海校区于本部区别,13***29 (河南),2016-06-26 09:48,老师您好，请问威海校区与本部有何区别，师资力量，学习氛围等。以后考研就业会不会受到歧视。,"
                                师资力量相较本部差一些，不过在逐渐增强，而且在同等院校中处于优势，学习氛围浓厚，考研就业不受歧视。"
河南理科586可以报考贵校吗,an*** (河南),2016-06-26 09:38,河南理科586可以报考贵校吗？高一本线63,"
                                希望不是特别大，不建议报考。"
专业排名,da***60627 (宁夏),2016-06-26 09:21,您好！请问威海校区的专业排名和哈尔滨本部是一样的吗？另威海校区的学费是多少？,"
                                一样，大部分专业平均每年5000左右，软件工程后两年学费15000元，与其他院校学费差别不大。"
河南理科考生,14***8 (河南),2016-06-26 09:01,老师您好，我是河南理科考生，今年分数608，超过一本线85分，全省排名位次11526，报考贵校把握大吗？,"
                                把握不太大，但可以尝试冲刺。"
专业,sy*** (山西),2016-06-25 16:38,请问贵校王牌专业有哪些？是否对女生有限制？,"
                                王牌专业是车辆工程，无限制"
山西理科,sy*** (山西),2016-06-25 16:37,您好，我是山西考生，今年586，高一本67分，请问有希望被录取吗？,"
                                冲一下吧，希望不太大"
四川考生,37*** (四川),2016-06-25 16:34,老师您好，理科617分，想报贵校的《计算机科学与技术学院》希望大吗，贵校的毕业证跟本校的是一模一样的吗，会有分校威海的字吗，谢谢老师,"
                                希望很大，可以报考，毕业证一样。"
您好，浙江理科，659分，排名8066，超59分，能否录取？,zh*** (浙江),2016-06-25 16:32,您好？简章里写着，外语非英语专业者慎重填 报，是 不是我小语种的报了就直接给 PASS掉？英语基础还好的。 还有浙江理科的659分，超一本线59，能否录取？,"
                                高考外语语种不是英语的话可能影响录取。该分数报我校希望很大。"
志愿填报,15*** (湖北),2016-06-25 15:53,湖北考生理科604分，请问报考贵校录取机会大吗?,"
                                比较有把握，可以报考"
你好老师,qd***huang (山东),2016-06-25 15:49,我是山东理科生，608分，21369名，报贵校行吗？贵校的毕业证书与哈工大本部的有何区别？谢谢,"
                                希望不大，毕业证一样"
哈尔滨工业大学威海,fe***a (福建),2016-06-25 15:35,老师，您好！ 我是福建考生，理科581分（一本线465），排名5014，请问能报贵校哪些专业？谢谢！,"
                                选择空间比较大，可优先考虑自己喜欢的专业"
报考志愿,wj*** (湖北),2016-06-25 15:30,你好，我是湖北考生，考分590分，全省排位16130，有希望报考贵校吗？,"
                                希望不太大"
浙江考生,gf*** (浙江),2016-06-25 15:20,老师您好，我是浙江理科考生成绩652，高一本线52分，是否能被贵校录取，服从调剂是否会退档？,"
                                不会退档的，可以报考我校"
辽宁考生,wt*** (辽宁),2016-06-25 15:17,我是辽宁考生592分，请问能冲到贵校么？如果被提档专业服从能否掉档？,"
                                不会退档的"
招生章程,gj***5 (江西),2016-06-25 15:12,贵校何时发布2016招生章程？,"
                                我校招生办官网查询"
视力,gj***5 (江西),2016-06-25 15:09,贵校一本，若进档服从调剂，但视力只有4.3，达不到船舶与海洋工程专业要求，会调剂到该专业吗？会被退档吗？,"
                                不会，不会。"
安徽理科,in***y (安徽),2016-06-25 14:26,您好，安徽理科生，高出一本线95分，全省排名6500多，报考贵校有希望吗？,"
                                欢迎报考，希望较大。"
湖南考生,13***45 (湖南),2016-06-25 13:33,老师您好，我是湖南考生，超一本线56分 今年有无希望被贵校录取？,"
                                希望不大，但可以冲一下"
黑龙江文科考生,13***32 (黑龙江),2016-06-25 13:28,请问，我是黑龙江文科考生，女生，一本线上69分，报考贵校，有多大可能录取？谢谢。如果入投档线且专业服从调剂，有被退档的可能吗？,"
                                希望较大，不退档。"
北京考生,zh*** (北京),2016-06-25 12:24,您好，我是北京理科生，610，排名7040，有望录取吗？有可能选专业吗？,"
                                可以冲一下我校，专业选择空间不大"
专业调剂问题,yn*** (天津),2016-06-25 12:15,请问如果提档服从调剂，是调入全国招生所有专业吗？天津考生有可能被调入哪几个天津招生外的专业？,"
                                当地招生专业中调剂"
请问老师，山东理科，620分，能报考贵校吗。贵校冷门专业是那,zh***gtaba (山东),2016-06-25 11:55,请问老师，山东理科，620分，能报考贵校吗。贵校冷门专业是那些。谢谢,"
                                可尝试报考。"
广东理科考生,lb***0 (广东),2016-06-25 11:25,老师，您好。我是广东的考生，今年573分，高出一本线65分，大致排在15000内，想报考贵校可以吗？,"
                                可以"
山东考生报考,a8*** (山东),2016-06-25 11:20,山东考生562报考贵校有多大希望？山东今年一本线537,"
                                基本没希望"
北京考生,zh*** (北京),2016-06-25 11:05,我是北京考生，610，高一本线62分能报贵院吗？能选到好专业吗,"
                                可以报考我校，专业选择空间较大。"
能否报考？可以报考哪个专业？,zx*** (湖北),2016-06-25 10:46,您好！我是湖北理科女生596分超一本84，排名14103名，能否报考？可以报考哪个专业？,"
                                可以冲一下我们学校，但是希望不是很大。"
招生简章,gj***5 (江西),2016-06-25 10:32,3、：哈工大（威海）一本，为什么查不到2016招生章程，另外体检视力不过关，是否不调剂到船舶与海洋工程,"
                                我校上传了招生简章，阳光高考平台一直没审核，可上我校官网查询。是。"
高出理科一本线80分能否录取,da***60627 (宁夏),2016-06-25 10:32,您好！我是宁夏考生，理科高考成绩545，高出一本线80分，全省排名2328，有希望被贵校录取吗？,"
                                可以报考。"
报考,tx*** (山东),2016-06-25 09:48,您好，我是山东理科考生，我今年分数为595分，另有20分自主招生加分，加分后高出一本线78分，加分后名次为17936，请问报考工学模块1，录取的可能性有多大？能否选较好的专业？,"
                                可以尝试报考。"
河北理科考生,ty*** (河北),2016-06-25 09:39,老师，您好，我是河北理科考生，高考成绩644分，位次6272名，报考贵校的强项专业能被录取吗,"
                                可尝试报考。"
志愿报考,ty*** (河北),2016-06-25 09:36,请问如果农村专项报考的话，还用把第一志愿写成该学校吗,"
                                一本录取和专项录取不矛盾。"
自主招生录取,13***40 (河北),2016-06-25 09:29,老师，我加上自招优惠分数20分以后省排名1199，请问是否一定会满足我六个专业志愿之一呢？,"
                                参考我校自主招生简章"
自主招生,13***40 (河北),2016-06-25 09:14,老师您好，我获得自招优惠条件四，高考分没有达到工大模拟投档线，但加上20分自主招生优惠分后能达到，加分后省(河北省)排名1200，是否可以满足前六个专业之一呢？,"
                                参考自主招生简章"
湖北省8300名 616分,cy*** (湖北),2016-06-25 09:06,能否报考 能报考的话 有哪些强项专业可选择 机械设计制造及其自动化可以报考吗,"
                                可以尝试报考我校较热门专业。"
自主招生,13***40 (河北),2016-06-24 16:49,老师您好，我获得了哈工大自主招生最后一等优惠，会不会获得较高等级优惠的考生将该模块内专业计划报满，我只能被调剂到其他模块专业呢？,"
                                不会"
自招,13***40 (河北),2016-06-24 16:38,老师您好，自招录取按成绩排队选专业，这里的成绩指的是高考成绩还是自主招生考试认定成绩呢？,"
                                高考成绩"
自招,13***40 (河北),2016-06-24 16:36,老师您好，哈工大自主招生录取时，是通过自招的学生按成绩排队选专业呢，还是我要加上优惠分以后和所有报考工大的考生（包括普通本一批）竞争呢？,"
                                第一种"
自主招生录取,13***40 (河北),2016-06-24 16:30,老师您好，哈工大自主招生录取时，是通过自招的学生按成绩排队选专业呢，还是我要加上优惠分以后和所有报考工大的考生（包括普通本一批）竞争呢？,"
                                自招学生排队"
录取规则,13***40 (河北),2016-06-24 16:09,老师，自主招生录取和普通本科一批录取是同步进行的吗？另外，自招录取时是按照自招成绩排队确定专业，还是要结合高考成绩来确定呢？,"
                                自招在本一前录取"
天津考生,yn*** (天津),2016-06-24 15:57,您好 天津理工590分 排名4500 是否有希望录取？,"
                                希望不大，但可以冲一下。"
自主招生,13***40 (河北),2016-06-24 15:50,老师，我通过了自主招生考试，获得优惠条件四，如果成绩没有达到模拟投档线但在模拟线下20分，简章上说予以录取，那录取专业按照什么规则呢？另外贵校自主招生录取与高考成绩有关系吗？（如果高考成绩达到自招要求）,"
                                录取专业规则是分数优先。"
江苏考生,18***89 (江苏),2016-06-24 15:42,江苏考生 390分 全省排名3086名 物理化学双A+ 请问报考贵校有希望吗？,"
                                欢迎报考"
毕业,wz*** (北京),2016-06-24 15:16,在贵校毕业后毕业证书上会有威海校区字样吗,"
                                不会"
自招中的专业调剂,13***40 (河北),2016-06-24 15:01,老师您好，我想问一下：今年哈工大自主招生录取中的专业调剂一定是在认定模块内调剂吗（我是工学模块一）望解答，谢谢老师！,"
                                是"
北京理科,li*** (北京),2016-06-24 12:10,北京理科632分，高于一本线84分，市排名4044，想报考车辆工程、自动化两个专业，录取可能性多大？,"
                                可以尝试报考。"
是否能报考,xk***083 (湖北),2016-06-24 11:18,老师您好，我湖北考生，592分，高出一本80，位次15450，如果服从专业调剂，有希望报考吗,"
                                希望不太大"
云南理科考生,jq***78910 (云南),2016-06-24 10:37,老师您好!我是云南理科考生，考分为584分，高出一本线59分，省内排名8758，有希望被贵校录取吗？,"
                                希望不大，可以冲一下"
河北考生,zh*** (河北),2016-06-24 09:27,您好，河北考生，通过了自主招生工学模块一降20分录取的优惠条件，高考成绩620，请问报自主招生会被录取吗？,"
                                可以报考"
您好，我获得了贵校自主招生工学模块一第四等优惠,13***40 (河北),2016-06-24 09:05,但我目前的成绩达不到模拟投档线，加20分之后肯定能达到，请问老师专业怎么安排呢，还保证6个专业之一的优惠吗，如果接受调剂是在模块一内调吗？,"
                                请查询我校招生办官网信息。"
浙江理科,jw*** (浙江),2016-06-23 16:55,你好，哈尔滨工业大学（威海）和哈尔滨工业大学毕业证书，考研保研机会都一样吗？,"
                                一样"
老师你好,18***09 (新疆),2016-06-14 15:47,威海校区的毕业证和原校区的毕业证有区别吗？,"
                                一样"
能源与动力方向是什么,81*** (吉林),2016-06-14 15:03,能源与动力研究方向是什么，就业去向，吉林一本线上六十分能去上贵校吗,"
                                可以冲一下。能动专业信息可以自行查询。"
咨询,13***05 (吉林),2016-06-14 13:53,老师您好，听说贵校今年扩招，能招多少学生，都在哪个校区扩张，是降分扩招，还是增加人数？先谢谢老师！,"
                                没听说扩招。"
咨询,13***05 (吉林),2016-06-14 13:37,我是吉林考生，今年585，报贵校有希望吗,"
                                可以冲一下"
录取排名咨询,su*** (山西),2016-06-14 09:11,贵校近几年在山西招生的录取排名是多少？,"
                                请查询我校招生办官网。"
威海分校和主校区有什么不同,15***98 (陕西),2016-06-12 16:05,尊敬的老师，您好！请问为什么威海分校的录取分数线会较低一些？那么如果在主校区和威海分校毕业后有什么影响吗？二者之间是不是各个专业基本相同？谢谢老师！,"
                                我们是校区，录取分数线是由报考学生的报考意愿决定的。毕竟威海校区和哈尔滨校区历史存在差异。二者专业有重合，也有不同专业。"
退档,gj***5 (江西),2016-06-12 12:00,院校按105%提档，学生进档后专业服从调剂，无其他原因，会退档吗？,"
                                不会"
招生咨询,bb*** (新疆),2016-06-12 11:48,我是新疆考生，欲报考贵校车辆工程专业，需要高处一本线多少分？,"
                                可参考往年录取分数"
河南理科,20*** (河南),2016-06-12 10:17,请把前几年在河南录取理科考生的分数位次说明一下吧？,"
                                请查询我校招生办官网"
000,aj*** (河南),2015-06-26 16:53,您好，我是一名河南理科考生，高出一本线52分，有无希望报考贵校？,"
                                希望不大，不建议报考。"
陕西考生,10***1 (陕西),2015-06-26 16:42,老师您好，我是陕西考生，高出一本分数线94分，排名8939，报考贵校有希望吗,"
                                有希望。"
咨询,xu***315852 (天津),2015-06-26 16:28,老师，您好。我是天津的考生，今年607分，高出一本线69分，想报考贵校可以吗？,"
                                希望不大。可以放在第一志愿冲一下。"
安徽理科考生,lk*** (安徽),2015-06-26 16:14,理科高考630分，排名8028，安徽省一本控制线555，高75分，有希望被贵校录取吗？盼回复。谢谢！,"
                                有希望"
山东理科630报考有把握吗,ma*** (山东),2015-06-26 16:10,山东理科630报考有把握吗?专业选择呢？,"
                                有希望录取。"
山东理科考生,la*** (山东),2015-06-26 15:59,老师您好，请问贵校是否设置专业级差,"
                                不设置"
录取可能,gh*** (安徽),2015-06-26 15:59,老师您好，我是安徽考生，我今年高考629分，高出一本线74分，请问一下报考贵校的机械设计制造及其自动化的几率高吗？,"
                                有一定希望录取，机械专业希望比较小。"
山东理科考生,05*** (山东),2015-06-26 15:54,老师您好！我是山东理科考生，高考成绩628，高一本线66分，位次14619，能被贵校录取吗？服从调剂，身体健康，如果进档一定不退档吗？,"
                                有希望录取。提档不退档。"
四川理科考生,13***35 (四川),2015-06-26 15:54,老师您好，我是四川理科考生，５７９分，省内１４０００名，报考贵校威海校区较好的专业有希望吗？服从调剂的话，录取把握大吗,"
                                录取希望很大。可以选择较好专业。"
山东理科考生，贵校在山东招二本吗,yi***gran (山东),2015-06-26 15:48,贵校在山东招二本吗，低一本线12分,"
                                不招。"
山东理科考生,wm*** (山东),2015-06-26 15:20,校方您好，我是一名山东理科考生，我的裸分是659，另有5分加分（优秀学生），位次是2655。请问这个成绩报考贵校希望大吗？有多少的把握可以报上热门专业呢？另问贵校是否承认加分？,"
                                承认您的加分，有非常大希望录取入优势专业。建议选择车辆工程，电气工程及其自动化等优势专业。"
河北理科,45*** (河北),2015-06-26 15:16,老师您好，高考成绩642分，位次4112名，报考贵校的强项专业能被录取吗?,"
                                有比较大希望"
山东理科考生641,sd*** (山东),2015-06-26 14:55,老师您好，我是山东理科考生，641分，省内8375名，报考贵校威海校区较好的专业有希望吗？服从调剂的话，录取把握大吗？,"
                                录取希望很大，优势专业录取把握不是很大"
志愿报考,13***64 (河北),2015-06-26 14:11,河北理科考生省内排名5500名，报考贵校是否能录取，可能性有多大,"
                                请提供高考成绩。"
河南理科考生,97*** (河南),2015-06-26 14:04,我是河南理科考生，590分，高一本线61分排名14962，能报贵校吗？,"
                                有希望。"
专业,31*** (福建),2015-06-26 13:43,老师好，我是福建考生，626分，超一本线101，省排名3851，报考贵校，把握大吗？,"
                                录取希望很大。"
专业,31*** (福建),2015-06-26 13:41,老师您好！我是福建考生，高考成绩626，高出一本线101分，请老师推荐一下我可以报什么专业,"
                                录取希望很大，专业建议参照往年成绩自主选择。"
咨询,93*** (山西),2015-06-26 13:33,我是山西理科，分数572，排名6998，同分221人，能不能报贵校本一批，还有，咱们的提档比例是多少啊？,"
                                录取希望很大。105%"
陕西考生理科590分，位次6166，请问报考贵校录取机会大吗,ga*** (北京),2015-06-26 13:30,陕西考生理科590分，位次6166，请问报考贵校录取机会大吗?,"
                                希望非常大。"
咨询,sk***ed (山东),2015-06-26 13:16,老师您好！我是山东理科考生，高考成绩616，高一本线54分，能被贵校录取吗？可以选择计算机专业吗？,"
                                录取希望很小，不建议报考。"
A计划,72*** (陕西),2015-06-26 12:52,老师您好，我是陕西理科考生。请问贵校A计划大概是多少分？最低分呢？,"
                                请提供高考成绩信息。"
吉林理科考生,xu*** (吉林),2015-06-26 12:08,老师您好！吉林理科583分全省5800左右能够去贵校吗？如果能，可以学什么专业呢？,"
                                录取希望很大。"
辽宁理科考生,fr***0 (辽宁),2015-06-26 11:45,老师你好，辽宁理科589分，一本线上89分可不可以报考贵校？若可以，则那些专业可以考虑。谢谢！,"
                                希望很大。"
山东文科,xi***610 (山东),2015-06-26 11:21,您好！我是山东文科考生，高考成绩601超一本线33分，位次4600，报考贵校英语专业有多大可能录取？谢谢,"
                                录取希望比较大，英语专业录取的希望也比较大。"
录取,ch***o1212 (山东),2015-06-26 11:03,老师您好， 我是山东理工科考生，分数615，位次21180报考贵校被录取的可能性多大？麻烦推荐几个专业。 谢谢,"
                                录取希望不大，不建议报考。"
云南理科,zy*** (云南),2015-06-26 11:00,老师：请问，考582排5161位可填报贵校吗？专业电子电气通信等,"
                                录取希望很大，建议报考。"
江苏理科生,ts*** (江苏),2015-06-26 10:56,老师，我考了367分，排名9795，能否被贵校录取？ 报什么专业较好？,"
                                录取希望比较大。专业建议参考往年成绩，自主选择。"
贵州考生,lp*** (贵州),2015-06-26 10:48,贵州省理工科全省排名4500名，550分报考贵校把握大吗？报什么专业合适？,"
                                希望很大。"
2015年山东理科601分能报考贵校么？什么专业有把握？,ti***eng (山东),2015-06-26 10:29,2015年山东理科601分能报考贵校么？什么专业有把握？,"
                                不建议报考"
山东理科考生,ma***7 (山东),2015-06-26 10:19,626分，报考有没有把握，可以报考哪几个专业？谢谢！,"
                                有希望录取，专业选择余地不大。"
你好老师,sa*** (湖北),2015-06-26 10:13,我是湖北理工565分，高出一本55，全省排18000左右，如果报考贵校车辆工程专业，麻烦老师给建议,"
                                录取希望很小，不建议报考。"
重庆考生,13***19 (重庆),2015-06-26 10:10,请问2015重庆理科639分上贵校一本专业的电气工程机率大不大？排名4300多名,"
                                有希望。"
重庆考生,13***19 (重庆),2015-06-26 10:08,请问2015四川理科578分上贵校一本专业的机率大不大？（一本线528，全省排名一万四左右） 只要服从专业调配，能保证不退档吗？,"
                                录取希望比较大，服从专业调剂提档不退档。"
山东,ch***1997 (山东),2015-06-26 10:05,数学类 和 会计学 在贵校算怎样的专业？ 那 能源与动力工程 怎样呢？,"
                                都是很不错的专业。"
咨询,hb*** (湖北),2015-06-26 09:36,湖北考生理科570分，请问报考贵校录取机会大吗?,"
                                不是很大，可以冲冲试试吧"
山东理科,ch***1997 (山东),2015-06-26 09:17,老师您好，“食品科学与工程（药物与食品工程菁英班）”和“化学工程与工艺”这两个专业，在贵校专业中是偏热还是偏冷呢？如果考取继续研究生的话，分别向什么方向考比较合适呢？,"
                                一般专业。继续本专业研究方向即可，看个人兴趣。"
黑龙江考生,15*** (黑龙江),2015-06-26 09:04,老师您好我是黑龙江理科考生我高考分数为592.排名5556，是否能被贵校录取,"
                                您的分数不是很有优势，建议冲一冲试试。"
哈尔滨工业大学(威海) 的本科毕业证与本校一样吗？,zh***15 (重庆),2015-06-25 16:29,哈尔滨工业大学(威海) 的本科毕业证与本校一样吗？,"
                                一样"
"北京,能否报考",ba***28 (北京),2015-06-25 16:26,"我是北京理科考生,高于一本线69分.排名7600名.可以报考贵校吗?请您给推荐工科的专业,谢谢!","
                                报考我们学校把握还是比较大的，可以冲一下车辆工程专业"
山西理科生,he*** (山西),2015-06-25 16:23,今年高考成绩606分，超省线91分，省排名2048，报考贵校把握大吗？谢谢！,"
                                报考我校把握很大，建议报考车辆工程"
四川理科,ch*** (四川),2015-06-25 16:06,老师好！我是四川理科考生，高考分603分能报贵校的材料科学与工程专业吗？谢谢！,"
                                可以，把握很大"
山东考生,ch***1997 (山东),2015-06-25 16:00,老师，我是山东一考生，633分，省11760名。报考 食品科学与工程（药物与食品工程菁英班） 的把握性大不大？ 那化学工程与工艺呢？,"
                                把握还是很大的"
志愿填报,sh***ngheren (山西),2015-06-25 15:02,尊敬的老师：我是山西的理科考生，2015年高考分数588，省排名4099，想报咱们学校，录取的几率大吗？谢谢！,"
                                您的分数报考咱们学校把握还是很大的，可以考虑报考我校比较热门的专业。"
志愿填报,ls***9 (安徽),2015-06-25 14:11,老师您好！我是安徽理科考生成绩629分，高一本线74分，全省排名8225，请问报考贵校录取机会大吗?报什么专业较好,"
                                您的分数按往年经验来看报考我校还是有一定危险性的，可以放在第一志愿冲一下，一定要选择专业服从调剂。"
贵州理科考生,18***05 (贵州),2015-06-25 13:47,老师好，我今年超一本线80分，位次7238位，报贵校有希望吗？是否有选专业的余地？,"
                                按往年的录取情况来说，您的成绩还是很有希望录取到我校的，不过选专业的话可能余地不大，您可以选择专业服从调剂，如果专业不满意，进入我校之后有转专业的机会。"
毕业证,87*** (河南),2015-06-25 12:05,威海分校的毕业证书和哈尔滨的一样么？能否被看出来？,"
                                您好，我们学校是哈尔滨工业大学威海校区，与分校是有区别的，我们的毕业证书与本部完全相同，从哈尔滨邮寄来。"
甘肃考生,lz*** (甘肃),2015-06-25 11:55,老师您好！我是甘肃理科考生，高一本线72分，能被贵校录取吗？可以选择专业吗？哪些专业比较好？谢谢,"
                                同学你好，按往年的招生情况来看，你的成绩报考我们学校还是很有把握的，选专业的余地还是比较大的，可以选择自己感兴趣的专业报考"
志愿填报,si*** (四川),2015-06-25 11:46,请问2015四川理科578分上贵校一本专业的机率大不大？（一本线528，全省排名一万四左右） 只要服从专业调配，能保证不退档吗？,"
                                按往年的录取情况来看，您的分数上我们学校的希望还是很大的，我校的专业都是一本专业。服从调剂的话我校是不会退档的，投档成功的话可以保证能上到我们学校。"
安徽理科考生,ls***9 (安徽),2015-06-25 11:28,老师您好！我是安徽理科考生成绩629分，高一本线74分，是否能被贵校录取,"
                                按往年的录取情况来看您是有希望录取到我校的，可以将我校放在前几个志愿冲一下。"
能否录取,hs*** (河南),2015-06-25 11:26,老师您好，我是河南理科学生，628，高一本线99分，省内3691，能录取吗？如果录取能到什么层次的专业呢？,"
                                您的成绩还是很不错的，可以考虑报考我校最好的专业车辆工程，录取的希望还是很大的。"
湖北考生理科,13***11 (湖北),2015-06-25 11:24,湖北考生理科588分，湖北一本线510.高出78分，请问报考贵校录取机会大吗?,"
                                按往年录取情况来看，您的分数报考我校基本上可以保证录取，建议您报考我校最好的专业车辆工程。"
咨询,gd*** (山东),2015-06-25 10:26,老师您好：山东理科 分数：634 排名11239 请问报考贵校热门专业（车辆、船舶、测控等）有无把握？谢谢。,"
                                车辆的把握不太大，可以冲一下，船舶和测控希望还是比较大的。"
河南理科,lx***62959 (河南),2015-06-25 10:06,老师，您好，河南理科一本529，我考了607分，能报贵校的机械设计及其自动化专业吗？,"
                                希望还是比较大的"
山东理科,dz*** (山东),2015-06-25 09:40,老师您好!我是山东一名理科考生，今年考了624分，16364名，请问报贵校的软件工程或环境工程有多大把握？您能否给我一些报考方面的建议？非常感谢！,"
                                您的分数报靠我校的话危险性还是比较大的，建议放在第一志愿冲一下。"
志愿咨询,15***90 (山东),2015-06-25 09:12,老师您好！请问山东理科考生 高一本线31分，报贵校录取的希望有多大？谢谢！,"
                                不好意思，您的分数报考我校希望比较小，如果您十分喜欢我校可以放在第一志愿冲一下。"
山东理科,ac*** (山东),2015-06-25 09:10,老师您请问山东考生，621分，全省18077能上贵校吗,"
                                您的分数报考我校的话危险性还是比较大的，可以报在第一志愿冲一下。"
河北，是否能录取自动化，,ka*** (河北),2015-06-24 16:41,627，如题，另，贵校自动化怎样,"
                                您的成绩报考我校自动化还是有希望的，我校的自动化在全国来说还是很不错的。"
重庆理科,14***9hzq (重庆),2015-06-24 16:41,老师您好！我儿子体检21 22 23 受限，也就是色盲加单色不能辨认。请问不能报读贵校的那些专业？谢谢！！,"
                                我校对身体情况要求与全国其他学校都是一致的，您可以参考当地的招生体检准则。"
老师您好,ya***3 (江西),2015-06-24 15:31,老师您请问江西考生，高一本线38分，全省10600能上贵校吗,"
                                比较悬，建议参考往年分数和今年形式慎重报考"
志愿咨询,wm*** (河北),2015-06-24 14:14,老师你好，我是河北考生，纯文化分569，有农独加分10分，报考贵校电气工程及其自动化、机械设计制造及其自动化、自动化，录取希望大吗？,"
                                希望不是很大，具体分数请参考往年，阳光高考平台和我校招生办网站都有"
四川理科,51*** (四川),2015-06-24 11:51,老师您好，我是四川贫困山区的考生，今年只超重本线6分，我想依靠国家专项计划报考贵校，可能性大吗？ 谢谢,"
                                国家专项计划分数可以参考去年，具体录取情况请咨询当地考试院"
威海校区代码,13***31 (河北),2015-06-24 11:07,老师你好，我是河北一考生，理科，省排名4400，想报贵校，咨询一下威海校区代码及专业代码何处有。,"
                                19213"
威海校区代码,13***31 (河北),2015-06-24 11:05,老师你好，我是河北一考生，理科，省排名4400，想报贵校，咨询一下威海校区代码及专业代码何处有。,"
                                各省都有报考指南，我校代码19213，专业代码需要按照报考意向查询一下"
老师我河北考生理科639能报贵校的软件工程吗,45*** (河北),2015-06-24 09:22,老师我河北考生理科639能报贵校的软件工程吗,"
                                按往年情况来看，把握比较大"
志愿填报,14***2 (陕西),2015-06-23 16:58,老师您好，我是陕西一理科考生，请问570左右报考贵校录取希望大吗？若是以单设本科资格报考呢？,"
                                按往年分数看可以冲一下"
河北考生排名在一万名左右能被录取么？,zm***28 (河北),2015-06-23 15:22,尊敬的老师您好，我是河北省石家庄市一理科考生，高考成绩为615，排名在一万名左右，可以被贵校录取么？我又可以选择什么样的专业呢？有选择专业的余地么？,"
                                平行志愿，可以冲一下，但选专业没有太大优势"
内蒙理科考生,nm*** (内蒙古),2015-06-23 11:51,老师您好，我是内蒙理科考生，超一本线97分。请问报考贵校是否有把握，如有报哪些专业有优势？另外，贵校的土木建筑类专业对色弱考生是否有限制？,"
                                按照往年来看有把握，具体专业可参考阳光高考平台或我校招办网站上的分省分专业录取分数表，对考生身体要求按照教育部《普通高校招生体检工作指导意见》"
内蒙理科考生,nm*** (内蒙古),2015-06-23 11:46,辞去额风格,"
                                什么问题？"
内蒙古理科,xi***3456 (内蒙古),2014-06-28 16:12,我是内蒙古理科生，考了587分，省位次4368，可以报贵校的工商管理专业吗？希望大吗？,"
                                问题不大"
希望录取,xi***angzhi (山东),2014-06-28 16:05,我是山东理科考生，618分，想要报考贵校冲一冲，想知道希望有几层？,"
                                不是很有把握"
山东理科,zh***ing (山东),2014-06-28 14:52,分数635，超分数线63分，请问被录取几率多大，什么专业把握较大,"
                                录取比较有希望，专业请参考我校招办网站中历年专业分数和个人兴趣"
就业,ma*** (黑龙江),2014-06-28 14:50,老师您好，我是黑龙江考生理工623分.想报考贵校，请问 ，威海校区的毕业生在就业时，和主校区有没有区别,"
                                就业率92%以上，就业质量高"
山西考生，录取及退档,si*** (山西),2014-06-28 14:44,老师您好，我是山西理科考生成绩593，高一本线59分，是否能被贵校录取，服从调剂是否会退档？,"
                                把握大，服从调剂不退档"
山西考生,cw*** (山西),2014-06-28 14:22,教师你好，高考572分能上什么专业，以后能转专业吗？,"
                                选专业空间不大，大二前可以转专业"
转专业,ga***v (山东),2014-06-28 11:47,我是山东考生，如进入贵校后读不到理想的专业，一年后可以重新选择专业吗？有些专业是否有限制？例如国际经济与贸易有限制吗？保研的主要条件是什么？,"
                                大一成绩在专业前30%，通过院系面试，可转专业"
河南考生,11*** (河南),2014-06-28 11:02,老师您好，我是河南文科考生。我想问一下贵校的分数线与本校（哈工大哈尔滨）一样吗？毕业后的毕业证书与本校一样吗？O(∩_∩)O谢谢老师。,"
                                由于招生人数不同，分数有所不同 毕业证书与本部一样"
录取几率,li*** (山西),2014-06-28 10:45,老师您好，我是山西理科考生，成绩585，超线51分，省名次8000左右，是否能被贵校录取？有无专业选择余地?,"
                                可以报考，专业选择有余地，但空间不是特别大"
录取,st*** (安徽),2014-06-28 10:45,我是安徽省理科考生，考了557分，10258名，报考贵校有希望吗？哪一批次？农村专项呢？,"
                                可以报Ａ冲，我校都是第一批"
山西理科,13***51 (山西),2014-06-28 10:35,老师您好，请问贵校今年在山西分数线是多少？超一本33分能被录取吗？,"
                                把握比较小"
江苏的考生,lw***ve (江苏),2014-06-28 10:17,老师，您好。我是江苏的考生，理科358（AB），省排名19084。现想报考贵校的车辆工程专业，有多大的胜算？,"
                                车辆分数每年都很高，把握不大"
威海和主校区的区别,ma*** (黑龙江),2014-06-28 09:59,老师您好，我是黑龙江考生理工623分.想报考贵校，请问 ，威海校区的毕业生 毕业证 学位证 档案 和主校区毕业的学生有差别吗？ 其他方面又没有差别呢?,"
                                毕业证学位证和本部一样"
湖南理科,ch***chen (湖南),2014-06-28 09:46,湖南理科 600分 请问服从专业调剂 被贵校录取的机会怎么样? 谢谢,"
                                把握大"
广东理科考生,ga*** (广东),2014-06-27 16:55,老师您好，我是广东理科考生，596分，省排名15970，报考贵校的希望大不大？能选择什么专业？服从调剂的话是否会优先考虑和志愿专业相近的专业？,"
                                建议报Ａ冲一下 选专业可参考往年各专业分数和个人兴趣 会优先考虑相近专业"
江苏考生,xu*** (江苏),2014-06-27 16:52,你好江苏理科352，物理B+化学A，能报考本校么，需要服从志愿么，有退档风险么,"
                                把握不是很大 服从专业调剂不退档"
山西考生,gj*** (山西),2014-06-27 16:39,请问，我超一本线44分，报贵校有希望吗,"
                                有希望"
山东考生,li***qiao1997 (山东),2014-06-27 16:39,老师您好，我今年的高考成绩为640分（理科）位次是13044，能否报考本校的车辆工程、电气工程及其自动化专业,"
                                这两个专业分数高，但可以冲"
内蒙理科,xi***hengdongwen (内蒙古),2014-06-27 16:25,我是内蒙考生，考分604，全区排名2622，报贵校的车辆工程专业有希望吗？谢谢,"
                                有"
江西考生,52*** (北京),2014-06-27 16:18,老师，您好！我是江西考生，高出一本40分，请问能被录取吗？有机会吗？,"
                                把握不是特别大，可以冲"
关于专业,hn*** (湖南),2014-06-27 16:16,老师，您好！湖南省6700名大概能填报贵校哪些专业？,"
                                请参考往年专业分数和自己兴趣"
山西咨询,zh*** (山西),2014-06-27 16:09,老师您好，我是山西考生，高考成绩579，高出一本线45分，全省排名9600，请问，报考贵校有几成希望呢？,"
                                有希望"
河南理科考生,xi*** (河南),2014-06-27 16:08,老师您好，请问贵校毕业证书和哈尔滨校区有何区别？,"
                                一样的"
退档,20*** (山东),2014-06-27 15:47,老师您好，我是山东理科考生。1.637分有希望报考吗？2.在调剂时如果被调剂到的专业视力受限（400到800度），会因不符条件退档吗？3.如果调剂时符合条件的专业已满，会被退档吗？,"
                                有希望 不会 不会"
志愿填报,20*** (山东),2014-06-27 15:45,老师您好！我是山东考生，由于喜欢贵校，所以关注较多，想到不少问题，希望老师耐心解答。1.实行平行志愿的省份，只要成绩达到贵校投档标准且身体合格、专业服从调剂，一般进档不会被退档的。但是调挡时会有范围吗？（比如软件工程收费较高 ，英语 这种专业可能会被调剂去吗？被调剂去后如果条件不符（像英语并未通过口语测试）也会退档吗？） 2.大一时可转专业，往年比例是多少？这个比例是指所有此专业学生中的比例还是有转专业意向的学生中比例？,"
                                有可能调到英语 不会退档 各院系情况不同"
内蒙古理科,yz*** (内蒙古),2014-06-27 15:37,理科本一批超线75分服从调剂可以被贵校录取吗？有哪几主专业？,"
                                可以报 专业参考往年和自己兴趣"
报考咨询,ca***iyun (内蒙古),2014-06-27 15:32,老师您好，我孩子是内蒙考生，584分，超当地一本线83分，省排名4727，请问有没有希望被贵校录取，专业选择余地如何？,"
                                有希望选择空间不大"
报考咨询,19*** (山东),2014-06-27 15:26,老师你好，我是山东考生，理科，614分，报考贵校能被录取吗,"
                                希望不大"
关于录取,hn*** (湖南),2014-06-27 15:19,老师，您好！湖南省最低全省多少名能进贵校？,"
                                去年录取分549"
山西理584分 8246名,wy***6535 (山西),2014-06-27 15:02,请问我报考贵校被录取几率多大？专业间有无级差？是否能转专业？对于体检合格、服从调剂的是否有进档不退的承诺？,"
                                有把握 专业无级差 大二前可以转专业 不退档"
区别,97*** (山西),2014-06-27 14:09,1、哈尔滨工业大学(威海) 与哈尔滨工业大学有什么区别吗？ 2、毕业证上会有什么不同吗？,"
                                毕业证和本部一样"
山东考生,37***8 (山东),2014-06-27 13:45,老师您好!我是山东一名理科考生，今年考了635分，15596名，请问报贵校有多大把握？您能否给我一些报考方面的建议，比如报哪个专业风险小一点？谢谢,"
                                有把握 但优势专业不建议选"
专科,la*** (山东),2014-06-27 13:17,老师您好，贵校有专科专业吗？可以专升本吗？山东理科考生506，想到贵校学习，可以吗？,"
                                没有"
贵校在山东的录取分数线,cb*** (山东),2014-06-27 12:35,贵校在2011.2012两年中在山东的录取线极为接近山东的一本线(差值在几分之间)，但贵校2013年在山东的分数线却高出山东的一本线几十分，请问这是因为什么？,"
                                每年都高出很多，你可能看错了，或看到的数据不准"
辽宁理科,im*** (辽宁),2014-06-27 12:35,您好，我是辽宁理科考生，高考成绩612分。请问：1、考上贵校的可能性如何？2、若我所报的专业均为工科专业，是否会被调剂到理科或语言类专业等文理兼收的专业?,"
                                有把握 可能，但你的分数应该不会"
辽宁理科考生,wy*** (辽宁),2014-06-27 12:32,老师您好： 我高考分理科598分，高出一本线72分，报考贵校有希望录取吗？,"
                                有希望"
河南理科,ew*** (河南),2014-06-27 12:06,今年考了595，超一本线50分左右，有希望上贵校吗,"
                                可以冲"
录取咨询,ac***n (福建),2014-06-27 12:00,我是福建理科考生今年考585高出本一线79分，省排名9508，能否上贵校？,"
                                可以冲，但把握不大"
山西理科考生,as*** (山西),2014-06-27 11:58,老师您好，我是山西理科考生，588分，省排名7318，超一本54分，报贵校有无希望？能进入什么专业？毕业后的毕业证学位证和哈尔滨校区有什么区别？谢谢,"
                                有希望 专业查看往年专业录取分数 无区别"
山东理科,na*** (山东),2014-06-27 11:50,山东考生619分，超一本48分，26000名，报考贵校有多大希望 录取又能选择什么专业？,"
                                希望不大"
专业级差,zh***r (山西),2014-06-27 11:25,请问贵校专业级差如何分布？,"
                                无级差"
录取情况,an*** (安徽),2014-06-27 11:22,您好，请问安徽理科考生成绩高于一本线69分，可以报考贵校吗？有风险吗？可以冲下吗？ 在安徽录取理科预计要高出一本线多少分有希望？,"
                                可以冲"
我是河北考生，理科，高本一线60分，有希望吗？若服从调剂退档,he***ile (河北),2014-06-27 11:12,我是河北考生，理科，高本一线60分，有希望吗？若服从调剂退档吗？,"
                                有希望 不会退"
山东理科,zu*** (山东),2014-06-27 10:54,贵校有什么优势专业？632分报考贵校有几成把握选择优势专业？,"
                                可以报，优势专业把握不大"
浙江理科报考咨询,ws*** (浙江),2014-06-27 10:49,老师您好。我是浙江考生。超一本线63分。省排名8715.请问报考贵校 机械设计制造及其自动化专业、电气工程及其自动化专业、希望大吗。省排名多少能进贵校？,"
                                大"
专业咨询,zh***r (山西),2014-06-27 10:31,老师你好，我是山西理科考生，超一本67分，全省排名4700-4800，能不能上贵校较好专业？,"
                                可以选"
山西理科生,12*** (山西),2014-06-27 10:31,老师您好，我是山西理科生，高考分数578分，超出一本线44分，请问报考贵校物理类专业有希望吗？ 请问贵校物理类专业要求高出一本线多少分？ 有无专业级差？ 单科成绩有没有要求？,"
                                有希望 无级差"
山东理科,28*** (山东),2014-06-27 10:28,山东理科655分 6372名 报考贵校 能考什么专业？,"
                                欢迎报考 专业可根据兴趣选，把握都很大"
sdks,ab***21 (山东),2014-06-27 10:02,老师你好，我是山东理科考生，今年高考成绩643分，超一本线71分，位次11565，请问老师我想报考贵校有没有希望被贵校录取？谢谢,"
                                很有希望，欢迎报考"
高考咨询,20*** (山东),2014-06-27 10:02,我是山东考生 艺术理 联考210 文化课460全省排名2020 非常希望报考贵校 请问是否有希望,"
                                请致电哈尔滨校本部招生办"
山西理科考生,qs***3 (山西),2014-06-27 09:52,老师，您好！我是一名山西理科考生，今年一本线上45分，如报考贵校有无希望？谢谢。,"
                                有"
安徽理科志愿,hh***3255 (安徽),2014-06-27 09:35,老师您好，我是安徽考生，今年分数超一本71分，能上贵校吗？能上比较好的专业吗？,"
                                可以报 好专业可以冲"
交通运输,36*** (河北),2014-06-26 16:47,交通运输学习什么内容？,"
                                参考阳光高考平台我校网页专业介绍"
请问我是湖北考生考了575一本线533能否读贵校？,je*** (湖北),2014-06-26 16:21,请问我是湖北考生考了575一本线533能否读贵校？,"
                                能"
请问我是湖北考生考了575能否读贵校？,je*** (湖北),2014-06-26 16:19,请问我是湖北考生考了575能否读贵校？,"
                                有"
咨询,je*** (湖北),2014-06-26 16:16,请问我是湖北考生考了575能否读贵校？,"
                                有"
山东理科,be***092 (山东),2014-06-26 15:59,老师好，理科，637 位次14641报考可以吗，谢谢,"
                                可以"
专业,la*** (江西),2014-06-26 15:43,老师你好，我想问一下，你们这的电气自动化怎样？谢谢,"
                                很好"
咨询,zh***23 (江西),2014-06-26 15:43,老师！您好！我是一名江西理科考生，高考成绩574，超出一本线48分，全省排名7812，请问录取贵校的几率大吗？能有什么专业可选择？可以报到电气工程及其自动化吗？我对这个专业比较感兴趣。,"
                                可以报，专业把握不是特别大"
河北考生,sh*** (河北),2014-06-26 15:36,河北644可以报考贵学校吗,"
                                可以，欢迎报考"
山西,lo***2 (山西),2014-06-26 15:26,我是山西理科考生，女，成绩583，排名8495，可以报考贵校吗?哪些专业适合？,"
                                可以报，按个人兴趣"
辽宁考生,15***67 (辽宁),2014-06-26 15:02,老师您好！我是一辽宁理科生，今年高考成绩超出一本线68分，有希望报考贵校吗？盼百忙中给予回复，谢谢！,"
                                有希望"
山东理科,sd***y (山东),2014-06-26 14:55,请问山东理科641能选汽车专业吗,"
                                可以冲，但不确定"
报考,ab***21 (山东),2014-06-26 14:25,你好，山东考生，631分，上贵校希望大吗?,"
                                有希望"
老师您好！,kl*** (河南),2014-06-26 14:24,老师您好！我是河南考生，今年610分，全省排名11237，请问报考贵校的‘船舶与海洋工程 ’被录取的可能性大吗,"
                                可以报考 专业可以冲"
请问贵校在四川招办老师的电话？,zz*** (四川),2014-06-26 14:17,请问贵校在四川招办老师的电话？,"
                                未单独设四川招办"
湖南考生,ga***uni (湖南),2014-06-26 13:44,请问湖南理科超一本99分可以报贵校吗？贵校的优势专业是哪些？这个分数可以上这些专业吗？,"
                                欢迎报考，专业选择优势大"
咨询,js***4 (江苏),2014-06-26 13:13,"老师您好：江苏理科考生360分，选修A,A+，省排名16770，报考贵校服从专业调配有希望吗?","
                                有希望"
山东考生,ka***heng (山东),2014-06-26 11:27,你好，我是山东考生，高出一本线5分，但是通过了贵校自主招生。不知是否有希望被贵校录取？？,"
                                把握不大"
山西考生,fl*** (山西),2014-06-26 10:52,老师你好，我是山西理科考生，今年考虑595分，超过一本线61分，请问报考贵校的把握大吗？是否有选择专业的余地？另外贵校是否承诺进档不退？另外威海校区哪些专业可以报考？,"
                                有把握，有选专业的部分余地 服从调剂不退档 专业参考我校招生计划"
河南理科,ew*** (河南),2014-06-26 10:44,今年考了595，有希望上贵校吗,"
                                可以冲"
咨询,hn***4 (河南),2014-06-26 10:44,河南理科588分，超一本线41分，报考贵校有希望吗？,"
                                建议报Ａ冲"
山西理科生,12*** (山西),2014-06-26 10:21,老师您好，我是山西理科生，高考分数578分，超出一本线44分，请问报考贵校物理类专业有希望吗？ 请问贵校物理类专业要求高出一本线多少分？ 有无专业级差？,"
                                有希望 无级差"
山西理科生,12*** (山西),2014-06-26 10:20,老师您好，我是山西理科生，高考分数578分，超出一本线44分，请问报考贵校物理类专业有希望吗？ 请问贵校物理类专业要求高出一本线多少分？ 有无专业级差？,"
                                已回复"
录取问题,kr*** (贵州),2014-06-26 10:10,我是贵州考生，今年高考561分理科高一本线77分，请问如果专业调剂是否有希望被录取？谢谢,"
                                可以冲，但把握不大"
协商调剂,66*** (四川),2014-06-26 09:50,请问老师： 1 我校对“已进档”6个志愿均未满足，未选择“服从调剂”考生，退档前，是否有一次电话协商机会？ 2 我校对“已进档”6个志愿均未满足，选择“服从调剂”考生，调剂前，是否有一次电话协商机会？ 担心调剂到文管经法或软件工程，不能转理工专业。 敬请指教，谢谢！,"
                                不会致电"
山西考生,vk*** (山西),2014-06-26 09:39,老师您好，我是山西考生，我高考成绩为600，超一本线66分，排名4720，请问报考贵校能否被录取？能否报考车辆工程专业？,"
                                可以报，专业可以冲"
填报,ly*** (山东),2014-06-26 09:37,老师你好：山东理科考生成绩高出提档线47分，填考贵校有多大希望，谢谢,"
                                可以报"
山东理科报考咨询,10*** (山东),2014-06-26 09:30,我是山东理科考生排名17000左右，请问能否被贵校录取？,"
                                可以冲"
进校,ye***4 (江苏),2014-06-26 09:26,我是江苏考生 比省一本线高14分 选修AA 排名17893 能否进贵校,"
                                可以报"
内蒙考生,xi***hengdongwen (内蒙古),2014-06-26 09:23,老师您好，我是内蒙考生，考分604，想报考贵校的车辆工程专业，不知有希望吗，车辆工程的就业方向是如何的,"
                                可以试 研究所，一汽之类"
报考建议,91*** (广东),2014-06-26 09:15,老师您好，我的高考成绩是591，高出一本线31分，请问报贵校可以录取吗？ 交通工程 环境工程 车辆工程 能源与动力工程 通信工程，那些专业好？,"
                                可以报 专业都很好，但您的分数选专业不占优势"
能否录取情况,15***9 (北京),2014-06-26 09:14,老师您好，我是山西理科考生，高考成绩597，超出一本线63分，全省排名5196-5372，能否被贵校录取，如果可以，能否报好点的专业？,"
                                可以"
与哈工大主校差别,cu***0 (山东),2014-06-25 16:53,贵校在具体到某一个专业（比如数学与应用数学)时，与主校在教学质量上有无差异，谢谢。,"
                                无差异"
山西考生,50*** (山西),2014-06-25 15:44,您好，我是山西理科生。比一本线多了45分，请问能报贵校吗？,"
                                可以报"
河南理科585分排名24433,li*** (河南),2014-06-25 15:18,河南理科585分排名24433高一本线38分，报考贵校希望如何？,"
                                可以冲试一下"
山东文科,sd*** (山东),2014-06-25 15:14,老师您好！山东文科597分，高一本线18分，报考有希望吗？毕业证上的学校署名是什么？谢谢！,"
                                可以冲 与本不一样"
山东637 排名14700,44*** (山东),2014-06-25 14:34,能否报考哈工大威海，专业有限定吗,"
                                可以报"
安徽理科考生,aq***1 (安徽),2014-06-25 14:05,老师您好。请问安徽理科554，排名11400左右，高一本线65分且美术很优秀可以报考贵校吗？能否报考一些较热门专业？,"
                                可以冲 专业无优势"
山东理科考生,zu***en (山东),2014-06-25 12:50,请问641分能被贵校录取么？希望大么？能报的专业有哪些？,"
                                希望大 专业参考往年和自己爱好"
河南考生,98*** (河南),2014-06-25 12:45,老师您好 我是河南理科生 高考成绩612 超一本线65分 报考贵校有希望吗,"
                                有希望"
录取咨询,lu*** (广西),2014-06-25 10:45,广西理科考生，裸分606，民族分20分，裸分排名3200位，总分（加上照顾分）排名1580名，报贵校录取可能性多大？另外，本人近视800度以上，专业有限制吗？贵校对民族照顾分的认可程度？,"
                                有希望。 专业限制参考教育部体检要求 认可各省招办承认的加分"
sdks,ab***21 (山东),2014-06-25 10:40,老师您好，我是山东理科考生。我的总分643，位次11564，我想报考贵校，请老师给与参考，提出建议，谢谢！,"
                                可以报考"
贵州理科,tx*** (贵州),2014-06-25 10:13,老师您好!请问在贵州排在多少名有望考取贵校？谢谢！,"
                                请参考往年"
河南考生,wn***88 (河南),2014-06-25 10:13,老师您好，河南考生今年595比一本线高48分，省排名17800左右能否报考贵校。贵校提档线大概多少分？,"
                                比较危险，可以冲一下"
河南考生,wn***88 (河南),2014-06-25 10:06,老师您好，河南考生今年595比一本线高48分，省排名17800左右能否报考贵校。贵校提档线大概多少分？,"
                                已回复"
贵州考生,tx*** (贵州),2014-06-25 09:55,老师您好，贵州考生超一本线88分有希望就读贵校吗？,"
                                可以冲一下试"
甘肃考生,jz*** (甘肃),2014-06-25 09:54,老师，早上好！我是甘肃考生 607分 ，全省排名1833，想第一志愿第一专业报哈工大威海分校的 车两工程， 有 希望吗？急盼！！！！！,"
                                可以试一下"
咨询,y1*** (山东),2014-06-25 09:15,山东文科604分 报贵校财务管理希望大吗,"
                                财务今年不招文科"
山东理科考生,my*** (山东),2014-06-25 09:04,您好，请问625分选择贵校车辆工程专业，有希望录取吗。看到之前的回答，贵校一般在山东录取15000名，但是我的排名在22600左右，如果服从专业调剂，有希望录取吗，录取率大不大，谢谢。,"
                                你的分数今年把握不是很大"
甘肃考生,jz*** (甘肃),2014-06-25 09:04,老师，早上好！我是甘肃考生 607分 ，全省排名1833，比一本线高91分，想第一志愿第一专业报哈工大威海分校的 车两工程， 有 希望吗？急盼！！！！！,"
                                可以报"
咨询,hb*** (河北),2014-06-24 16:03,老师你好，河北理科考生高出本一线64分，能上威海校区吗？如果能上，能选什么专业？,"
                                比较有希望"
关于录取,ki*** (贵州),2014-06-24 15:56,您好，我是贵州考生，高考成绩538，是否能上贵校？谢！,"
                                没有太大希望"
今年黑龙江理工627分，录取线预计得高出一本线多少？,zd*** (黑龙江),2014-06-24 11:37,今年黑龙江理工627分，录取线预计得高出一本线多少？排名又大概得多少才能比较有希望？热门专业呢？,"
                                可以报考"
贫困专项计划,10*** (甘肃),2014-06-24 11:04,您好，我是甘肃考生，今年566分，超一本50分，想咨询一下威海校区在甘肃是否有贫困专项计划？有的话有哪些专业？去年的贫困分数的平均分是多少？,"
                                具体咨询贵省教育部门"
贵校金融经济和工商管理，就业前景怎样,ji*** (河北),2014-06-24 09:21,我是河北一名女考生，比本一 线高55分，试问上述专业排名靠前吗？,"
                                专业就业达92%"
请教老师--录取政策,66*** (四川),2014-06-24 09:15,老师您好， 四川理科生，请老师指点： 1 咱们学校在四川是否有招生咨询老师的联系方式？ 2 在实行平行志愿的四川，对于“政审、体检合格，服从专业调剂”的进档生，是否有“进档不退”承诺？ 3 对进档考生分配专业，是按裸分还是投档分？是分数优先还是志愿优先？级差分是多少？ 4 转专业有几次机会(除转入高学费专业外)，占年级本科生总数比例约为多大？ 5 有选拔进入哈尔滨校区的模式吗？ 6 保研比例有多少？ 盼复！,"
                                暂无四川招生组 专业服从调剂不退档 投档分，分数优先，无专业级差 至少一次转专业机会 没有本科转入哈尔滨方案 保研10-15%"
河北报考,hb*** (河北),2014-06-23 16:17,高考分数668 报考贵校有希望吗？ 如果可以，能报考贵校哪些专业,"
                                有希望，专业请参考往年"
贫困地区专项计划批,zz*** (甘肃),2014-06-23 11:34,请问甘肃贫困县区的城市户籍考生，可不可以报贫困地区专项计划批，有什么要求,"
                                请咨询当地教育部门"
毕业证的问题,wy*** (河北),2014-06-23 09:56,老师好本校毕业证与本部的毕业证有区别吗，谢谢！,"
                                无区别"
山东理,ba*** (山东),2014-06-13 16:24,1请问贵校热门【或重点】专业都有哪些，录取分数线是多少？就业方向是什么？一般考生需排名多少能被录取？2贵校能否转专业，有什么条件么？3各专业有极差吗？,"
                            1我校热门专业：汽车、信息、材料、海洋等相关专业，录取分数线可以到阳光高考平台我校页面或我校招办网站（http://zsb.hitwh.edu.cn/）“历年分数”中查询，就业方向可以到阳光高考平台我校页面“专业介绍”一栏详细查看。山东考生往年录取线分数排名在山东省15000名左右 2升大二之前，成绩在专业前30%，并且通过院系审核的学生可以转专业 3专业间无极差"
辽宁考生,li***hiyan (辽宁),2014-06-13 10:19,老师你好，贵校对体检有什么特殊要求吗 ？可以学第二专业吗？文史类可以选修理工类的专业吗？,"
                                我校严格参照《普通高校招生体检工作指导意见》 学生可以申请二专业"
调配,zh*** (四川),2014-06-13 09:30,如果服从调配，贵校会不会退档。如果我选择工科，会不会调配到理科甚至文科？,"
                                成绩合格，专业服从调剂，不会退档 如果调剂专业，只会被调剂到我校在贵省招生的其他专业，可能会调剂到理科，但不会调剂到文科"
专业,20*** (天津),2014-06-12 16:27,老师您好，我是天津的考生。请问报考贵校如果服从专业调剂，但是志愿上的未被录取，会被调剂到什么专业，被调剂专业考虑原有志愿吗？谢谢,"
                                会被调剂到我校今年在贵省招生的其他专业，调剂时会相应考虑原有志愿的"
吉林理科考生,wr*** (吉林),2014-06-11 16:41,您好，在吉林省排名多少或高于一本分数线多少可以被入取？入学后可以调系吗？2014年在吉林省招收的学生数？,"
                                2013年我校理科在吉林录取线为589，平均分600；2013年我校理科在吉林录取线为561,平均分572 学生在升大二之前有调换专业的机会，但必须成绩在专业排名前30%，且通过院系审核 我校2014年在吉林省招生计划为115人"
河南理科考生,89*** (河南),2014-06-10 10:33,老师您好:1请问贵校河南现场咨询地址和时间 2河南高招老师联系电话。谢谢,"
                                我们这里暂时没有收到河南省咨询会邀请函，一般在6月20-25日，具体安排我校负责老师会与哈尔滨校本部联系共同确定宣传路线。 陈效农老师：13863168176"
北京理科,qi***i (北京),2014-05-10 16:28,北京考区一本线上20-30分，1a填报贵校被提档的机会大吗？今年在北京还会扩招吗？,"
                                今年第一年实行平行志愿，具体报考情况不确定，您可以参考一下往年录取平均分。 往年扩招录取的考生是一志愿报考本部，二志愿报考我校区的，今年不能确定是否扩招"
山东理科,qw***3 (山东),2014-05-10 16:02,请问去年山东理科生最低录取分是多少？,"
                                612"
专业调剂有无大致的原则,zh***ou (辽宁),2014-05-10 10:33,如题。比如理科生调剂到文科专业，或本省没有计划的专业？,"
                                安排专业采取分数优先原则，专业质检无级差。
不会出现理科生调剂到文科录取专业，只在本省招生计划专业内调剂"
咨询有关限报专业的问题,lu*** (广西),2014-05-10 10:23,我是近视眼考生，属于‘任何一眼矫正到4.8镜片度数大于800度的’，请问我可以填报其所对应的‘不宜就读’的专业吗？如果填报了，会被退档或调剂专业吗？谢谢回复！,"
                                我校专业报考的体检要求按照教育部颁发的《普通高校招生体检工作指导意见》执行"
湖北考生,04***ong (湖北),2014-05-10 10:05,请问，贵校和本部有什么区别？分数比本部低是因为什么？毕业证有什么不同？另外贵校在湖北超一本多少分录取？谢谢,"
                                我校是哈工大在威海的一个校区，学生在奖贷评优、考研保研、出国就业等方面与哈尔滨校区政策相同。 毕业证和学位证是由校本部颁发 我校区去年在湖北录取分数线为562分"
湖北考生,04***ong (湖北),2014-05-09 16:23,请问湖北理科超一本30分可以报贵校吗？贵校的优势专业是哪些？这个分数可以上这些专业吗？,"
                                湖北省去年一本线为527，我校在湖北录取最低分为562，录取平均分为568. 我校优势专业主要有车辆、船舶、海洋、信电等专业 您的分数还需要看今年实际报考情况，暂不能给您明确回复"
河南理科考生,60*** (河南),2014-05-09 16:07,请问在河南排在多少名有望考取贵校？贵校的理工科有哪些优势王牌专业？谢谢！,"
                                河南去年一本线为505，我校在河南录取最低分为562，录取平均分为568.具体排名您可以在网上自行查找 我校车辆、船舶、海洋和信电等专业都比较不错，可以考虑"
视力受限的具体要求有哪些?,bh*** (新疆),2014-05-09 11:32,老师您好! 1.新疆考生，视力800度可以报贵校吗？如果可以哪些专业可以报，具体要求有哪些? 2.新疆属于平行志愿省，如服从专业调剂不退档吗？ 3.有应届与往届的要求吗？具体要求有哪些? 4.2014年新疆计划有哪些专业? 5.前几年报考贵校，在新疆的排位是多少？ 6.高出新疆一本线差多少分可以报考贵校？ 谢谢！,"
                                1体检标准我校按照教育部颁发的《普通高校招生体检工作指导意见》执行。 2服从专业调剂情况下不退档 3没有往届和应届的要求 42014年具体招生计划还未下达，请耐心关注我校招生办网站 5具体名次请上网查询 6每年录取情况不同，您可到我校招办网站查询一下往年新疆的录取线和平均分作为参考"
视力受限的具体要求?,bh*** (新疆),2014-05-09 11:24,老师您好! 1.新疆考生，视力800度可以报贵校吗？如果可以哪些专业可以报，具体要求有哪些? 2.新疆属于平行志愿省，如服从专业调剂不退档吗？ 3.有应届与往届的要求吗？具体要求有哪些? 4.2014年新疆计划有哪些专业? 5.前几年报考贵校，在新疆的排位是多少？ 6.高出新疆一本线差多少分可以报考贵校？ 谢谢！,"
                                1体检标准我校按照教育部颁发的《普通高校招生体检工作指导意见》执行。 2服从专业调剂情况下不退档 3没有往届和应届的要求 42014年具体招生计划还未下达，请耐心关注我校招生办网站 5具体名次请上网查询 6每年录取情况不同，您可到我校招办网站查询一下往年新疆的录取线和平均分作为参考"
录取规则及计划,zl*** (重庆),2014-05-09 11:22,我是重庆考生，实现平行志愿填报，请问贵校对此是按照啥原则录取？录取比较多少？是否进档不退档？ 另外，贵校2014年在重庆的招生计划中名额有无增减（与2013比较），有哪些变化？ 谢谢！,"
                                1平行志愿采取分数优先的原则录取，录取比例在105%以内 2如果报考专业服从调剂，则不退档。我校退档原则：考生分数未达到所报专业分数，且专业不服从调剂者。 3目前2014招生计划还未确定，请随时关注我校招办网站，或致电咨询"
重庆考生,lo***en (重庆),2014-05-09 09:58,请问毕业证、学位证上要注明“威海校区”吗？贵校今年还有中外合作办学的专业要在重庆招生吗？谢谢,"
                                我校学生毕业证书和学位证书有哈尔滨工业大学校本部统一发放，和本部的证书一样。 2我校无中外合作办学专业"
贵校近视有限制吗？,le***14 (山东),2014-05-09 09:32,贵校的车辆，自动化，船舶，机械制造等专业，在身体健康，只是近视在600-800度左右的，这几个专业会限制报考吗？,"
                                我校按照教育部颁发的《普通高校招生体检工作指导意见》执行特殊专业的体检限制。"
同校本部区别,hz*** (北京),2014-05-08 13:51,您好北京考生，北京排名多少有希望上贵校？校本部和威海分校有什么区别？毕业证是校本部发吗？相同吗？招收北京一本二志愿考生吗？,"
                                具体排名每年都不相同。 我校是哈工大在威海的一个校区，学生在奖贷评优、考研保研、出国就业等方面与哈尔滨校区政策相同。 毕业证是校本部发的，与校本部相同。 2014年北京实行平行志愿报考"
北京考生二志愿,zx*** (北京),2014-05-08 11:04,你好，北京考生585分左右，二志愿报考贵校能录取吗,"
                                我校去年接受的二志愿考生是第一志愿报考了哈尔滨工业大学校本部的学生，但2014北京实行平行志愿"
录取,wx*** (北京),2014-05-08 09:58,北京考生，成绩大约一本线上65---95分的样子，请问： 1.贵校14年在京提档比例？ 2.身体合格，服从调剂是否提档不退档？ 3.服从调剂的话，是在京招生计划内专业调剂吗？还是在全校全部招生计划内调剂？ 4.如果生源好的话，是否扩招？ 5.贵校14年报考，大约在京什么成绩或排名可报考？ 6.贵校招生大小年明显么？,"
                            1提档比例在105%以内。 2我校体检要求按照教育部颁发的《普通高校招生体检工作指导意见》执行。若报考专业服从调剂则提档不退档。 3如果服从调剂，是在全校专业中进行调剂。 4是否扩招今年不确定。 5具体考生排名请上网查询 6由于北京今年第一年实行平行志愿，具体招生情况不确定，就目前咨询情况看，分数再一本线以上30分 如有请他问题请随时关注我校招办网站，或电话咨询"
山东理科627,65*** (山东),2013-06-28 15:43,您好，我的成绩超出今年山东理科一本线73分，能有多大的把握被贵校录取？有希望学习优势专业吗？,"
                                就往年分数看，很有希望，优势专业可以试一下 您可在我校教务处网站下的本科招生历年分数网页，参考往年各专业分数"
北京考生,li*** (北京),2013-06-28 15:36,理科595，一本二志愿能否被贵校录取,"
                                还是比较有希望的"
咨询,11***0 (山东),2013-06-28 15:26,老师，山东理科考生，636分，全省排名6000名填报贵校能被录取吗？如果能哪些专业是可以选择的？谢谢老师,"
                                就往年分数看，很有希望 我校车辆，自动化，船舶，机械制造等专业都很不错"
转专业,11***0 (山东),2013-06-28 15:19,老师你好，转专业的范围是学校设定的只有几门，还是以自己志愿可以挑选全校范围内专业？当然成绩优先,"
                                学生在升入大二之前，如果本专业平均学习成绩在前30%，可以根据本人兴趣申请调换专业，具体参考《哈尔滨工业大学（威海）关于本科生转专业的规定及实施办法》"
咨询,ga***an (山东),2013-06-28 14:50,老师您好，我是一名山东考生，2013年高考591分 超一本线37分，省29000名左右，请问报考贵校有希望被录取么？什么专业我可以报？（服从调剂又有多大希望？）谢谢,"
                                就往年分数看，还是有希望的，但分数优势不明显，可以冲一下还是 您可在我校教务处网站下的本科招生历年分数网页，参考往年各专业分数"
住宿,cn*** (河南),2013-06-28 14:49,贵校的住宿条件如何？有没有单独的卫浴？谢谢,"
                                住宿条件很好，具体可在学校论坛询问学生，信息更全面"
咨询,cn*** (河南),2013-06-28 14:42,老师好，是不是贵校和哈工大毕业证上的流水号不一样？业内人士可以看出。那么在应聘时会不会对待不一样，就是说有差别，会有歧视现象。 还有 两校师资是不是不一样，有差别？ 贵校的优势学科主要是什么？谢谢老师,"
                                毕业证和本部一样，学籍归山东省教育厅管 就往届学生就业看，都比较不错 我校车辆，自动化，船舶，机械制造等专业都很不错 我们与校本部在地里位置，专业设置等方面存在不同，但我们师资力量和教学硬件等还是很不错的。"
咨询,hd*** (山东),2013-06-28 14:32,您好，我是一名山东理科考生，高考分数607，能上贵校吗？把握大吗？,"
                                就往年分数看，还是有希望的，但分数优势不明显"
咨询,00*** (山东),2013-06-28 14:17,13年 理科602分 超一本线48分 全省21190，报贵校把握多大？可以选择好专业吗？,"
                                就往年分数看，还是有希望的，但分数优势不明显"
报考,wa***25 (山东),2013-06-28 14:02,山东考生，630分，7812名，报考贵校电气或土木专业能否被录取？贵校转专业政策如何？,"
                                就往年分数看，比较有把握 学生在升入大二之前，如果本专业平均学习成绩在前30%，可以根据本人兴趣申请调换专业，具体参考《哈尔滨工业大学（威海）关于本科生转专业的规定及实施办法》"
山东理科,ax***06 (山东),2013-06-28 13:53,您好，今年高考分数617，有希望报考贵校吗？希望大不大？能报得到好专业吗？,"
                                就往年分数看，比较有把握，但专业不确定 您可在我校教务处网站下的本科招生历年分数网页，参考往年各专业分数"
山东理科考生612，超一本58分,te*** (山东),2013-06-28 13:43,老师你好，贵校是否有国防生。若无，我这分数报考学校能否被录取？车辆、焊接专业有几分把握？,"
                                就往年分数看，比较有把握，但专业不确定"
报考哈工大,77*** (山东),2013-06-28 12:49,老师，请问一般来说山东考生，高于重本多少分，才能比较有把握被贵校录取？,"
                                您可在我校教务处网站下的本科招生历年分数网页，参考往年各专业分数"
咨询,ji***991 (重庆),2013-06-28 12:29,重庆考生理科，裸分570分，少数民族(散居），能录取？,"
                                就往年分数看，比较有把握"
河南理科,he*** (河南),2013-06-28 12:25,您好，理科562，排名11719名，请问能报考贵校么,"
                                就往年分数看，比较有把握"
报考哈工大威海校区,77*** (山东),2013-06-28 12:25,老师您好，我是山东考生，今年高考608分，高于重本线54分，请问报考你们学校成功的概率有多大？,"
                                就往年分数看，比较有把握，但专业不确定"
山西考生，高一本线46,rz*** (山西),2013-06-28 12:21,位次6332，能上贵校吗？ 专业选择呢？,"
                                分数是多少？"
有无专业级差,yy*** (山西),2013-06-28 11:51,老师，您好！我是山西一名理科考生，想报考贵校，高一本线49分，可能性大吗？贵校有专业级差吗？,"
                                无级差 就往年看，比较有希望还"
校区问题,sl*** (河南),2013-06-28 11:45,请问贵校是分校还是校区，学位证书和本部一样吗？,"
                                校区，一样"
关于服从调剂,12***0 (广东),2013-06-28 11:29,老师您好，我是广东的一枚考生，高考594 高一本20分，报考贵校希望能上自动专业请问希望大吗？ 如果服从调剂，有可能是调到本校其他专业，还是调到在广东招生那几个的专业,"
                                就往年分数看，比较有把握，但专业不确定，自动化专业在我校分数比较高还是 调剂到在广东的招生的相关专业"
内蒙古理科超一本线55分,ra*** (内蒙古),2013-06-28 11:26,老师您好！我的分数服从专业调剂是否能被贵校录取？,"
                                就往年分数看，分数优势不明显"
福建理科考生,wl*** (福建),2013-06-28 11:24,我是福建理科考生 高考成绩562 本一线501 高出61 排名120035 报贵校被录取可能性大吗 客观点 不要安慰我,"
                                就往年分数看，还是有希望的，但分数优势不明显"
吉林考生610分一志愿报考贵校,ti***nghu (吉林),2013-06-28 10:57,我想一志愿报考哈工大数学专业，二志愿哈工大威海，如一志愿没录取，二志愿可否上贵校，会否被退档,"
                                可以，只要分数够了"
山东考生,we***ght (山东),2013-06-28 10:45,老师您好！理科583分，高出2013年29分，全省排名35609名，若服从调剂报考贵校有没有希望？,"
                                就往年分数看，分数优势不明显"
山东理科考生,du*** (山东),2013-06-28 10:44,老师你好，我是山东理科考生，分数598.省排名24356.专业服从调剂，请问我有几成把握能被贵校录取？,"
                                就往年分数看，分数优势不明显"
山东高考,ch***416 (山东),2013-06-28 10:34,您好，我是山东文科考生，总分高出一本线23分，1.我想报考本校国际经济与贸易专业被录取的希望大吗？2.如果不服从调剂本专业分数不够是否会被退档？谢谢,"
                                1还是比较有希望的 2是的，会被退档"
咨询,ai*** (山东),2013-06-28 10:24,山东理科考生612，高出一本线58分，录取希望有多大？谢谢,"
                                就往年分数看，还是有希望的"
咨询,hn*** (河南),2013-06-28 10:24,老师您好，我是河南理科考生563分，高一本线58分，全省排名11328名，请问老师是否有希望？,"
                                就往年分数看，比较有把握"
专业,wr*** (河南),2013-06-28 10:17,贵校是怎样确定专业的，是分数优先还是志愿优先？,"
                                分数优先"
564分可以报贵校吗,ni***ng1969 (河南),2013-06-28 10:13,老师您好，河南省考生理科564分可以报贵校吗,"
                                就往年分数看，还是有希望的，但分数优势不明显"
报志愿,wr*** (河南),2013-06-28 10:12,我是河南理科考生，超一本线49分，能否上你们学校。同时想问一下，如果服从专业调剂，调剂的原则是什么，是往我所报的相近专业调吗？,"
                                就往年分数看，还是有希望的，但分数优势不明显 分数优先，相近专业"
广东考生,pg*** (广东),2013-06-28 10:11,你好，广东考生理科604分报考你校录取的机率大吗？服从专业调剂！,"
                                就往年分数看，比较有把握"
毕业证,ni***ng1969 (河南),2013-06-28 10:09,哈尔滨工业大学(威海)的毕业证与哈尔滨工业大学的毕业证一样吗？是否注明威海,"
                                一样，不会注“威海”"
北京考生咨询,lx*** (北京),2013-06-28 10:08,请问北京考生第一志愿没填贵校本部，第二志愿填威海校区，有可能被第二志愿录取吗？,"
                                可能性极小"
能上贵校吗,ch***971 (青海),2013-06-28 09:42,老师好 我是青海考生 460分 超一本将近80分 能上贵校吗,"
                                就往年分数看，比较有把握"
安徽,cw*** (北京),2013-06-28 09:34,安徽理科557，排名9347，能被录取吗,"
                                就往年分数看，比较有把握"
录取,09*** (山西),2013-06-28 09:32,山西考生今年分数539，高一本线46分，上贵校机会大么？,"
                                就往年分数看，还是有希望的"
咨询,14***4 (山西),2013-06-28 09:30,老师您好，我是山西考生，请问专业调剂时，是否根据所报专业往相近专业调剂？会不会工学调到软件工程？,"
                                相近专业调剂，分数优先"
录取问题,gd*** (河南),2013-06-28 09:27,老师好，我是河南理科考生，分数高出一本线34分，被贵校录取的可能性如何？,"
                                就往年分数看，分数优势不明显"
河北考生9500名，超本一53，有希望吗？,he*** (河北),2013-06-28 09:24,报了哈工威海，有希望吗？,"
                                就往年分数看，还是有希望的，但分数优势不明显"
咨询,14***4 (山西),2013-06-28 09:23,老师您好，我是山西考生。超一本线51分。想报；机械设计制造及其自动化，车辆工程，电子信息，土木工程，不想调剂，有无希望？谢谢。,"
                                就往年分数看，还是有希望的 但您心仪的专业都是我校热门专业，可慎重考虑一下 若分数达到调档分数线，并服从专业调剂，调档不退 学生在升入大二之前，如果本专业平均学习成绩在前30%，可以根据本人兴趣申请调换专业"
黑龙江理科考生,ch*** (黑龙江),2013-06-28 09:18,老师您好，583分，高一本线56分，全省排名7928，报考贵校希望大吗，谢谢,"
                                就往年分数看，还是有希望的，但分数优势不明显"
高考咨询,25*** (广西),2013-06-28 09:18,你好：我是广西考生，今年考了556高出一本线46分，能否被贵校录取？,"
                                就往年分数看，还是有希望的"
录取咨询,a3***4 (河南),2013-06-28 09:04,我是河南一名考生。今年高考558，高出一本线53分，名次13000左右，专业服从调剂，有希望报考贵校吗？,"
                                就往年分数看，还是有希望的"
咨询,kb*** (福建),2013-06-27 16:23,老师您好，福建文科考生一般要在什么名次内考上贵校的可能性大？,"
                                名次不好说，您的分数是多少呢？"
咨询,10***2 (山东),2013-06-27 16:08,你好，我是今年山东理科考生，成绩604，过一本50分，全省排名20133，报考贵校，有希望吗，如果专业可调剂呢？希望多大？,"
                                就往年分数看，还是有希望的，但分数优势不明显 您可在我校教务处网站下的本科招生历年分数网页，参考往年各专业分数"
13陕西考生,st***48091 (陕西),2013-06-27 15:59,老师您好！我是陕西考生，今年高考成绩比一本线高出55分，十分想报考贵校，请问把握有多大？如果被录取，什么专业比较适合女生？谢谢！,"
                                就往年分数看，分数优势不明显 专业需要看今年的招生报考情况，以及您的兴趣和今后就业倾向，只要有兴趣有能力，专业部分男女的"
报考咨询,33*** (江苏),2013-06-27 15:54,老师您好，请问： 1）哈尔滨工业大学与哈尔滨工业大学（威海）在行政、教学上有什么区别？ 2）贵校在江苏地区的预估分数线是多少？ 3）我高考成绩363+A+A。在江苏省名次为9235名，报考希望大不大？ 谢谢！,"
                                1同本部一样 2现在还在收集信息，稍后预估分数 3就往年分数看，还是有希望的，但分数优势不明显"
招生咨询,ti*** (山东),2013-06-27 15:36,您好！我是山东理科考生，成绩608，超重点线54分，省内排名17893名，1.能否被贵校录取?2.专业选择 余地大不大？3.有无专业级差？ 4.贵校提档比例是多少？5.若服从调剂，提档后会不会退档？谢谢！,"
                                1就往年分数看，还是有希望的，但分数优势不明显 2专业不确定 3无 4比例105% 5不会"
605,20*** (山东),2013-06-27 15:17,605报考贵校有希望吗全省20000名,"
                                就往年分数看，还是有希望的，但分数优势不明显"
老师您好,hu*** (广东),2013-06-27 14:48,您好，我是广东考生，高出今年一本线30分，省排名14000多，报贵校船舶与海洋工程，机械设计制作及其自动化，土木工程，车辆工程希望分别多大？另外，贵校在广东录取是分数优先吗？谢谢。,"
                                就往年分数看，比较有把握 但您选择的专业都是我校比较好的专业，分数相对较高 是分数优先"
山东考生,hh*** (山东),2013-06-27 14:42,老师您好。我是山东理工类学生。高考分数超出一本线52分。若报考贵校录取希望大吗？,"
                                就往年分数看，还是有希望的，但分数优势不明显"
咨询,ee*** (广东),2013-06-27 14:35,广东理科考生579服从调剂有望上贵校吗？,"
                                就往年分数看，还是有希望的，但分数优势不明显"
咨询，急,we***6826 (山西),2013-06-27 13:34,您好，我是山西理科考生，成绩506，报考贵校2B被录取可能性大不,"
                                就往年分数看，分数优势不明显 另：2B是打错了么"
录取,ch***3 (山西),2013-06-27 13:34,您好，我是山西考生，理工，高一本20分，被贵校录取机会有多大？,"
                                就往年分数看，分数优势不明显"
老师您好,ya***yy (山西),2013-06-27 13:05,我是山西考生，高考成绩537，全省排名7887，能报考贵校吗？,"
                                就往年分数看，还是有希望的，但分数优势不明显"
河南理科560分,ws*** (河南),2013-06-27 12:37,"13年河南考生,理科,560分,全省排名12000,报考贵校有把握吗?","
                                就往年分数看，比较有把握"
咨询,62*** (山东),2013-06-27 11:54,老师好，我山东理科587，能报考贵校吗，有多大把握，有什么专业我能有较大把握？,"
                                就往年分数看，分数优势不明显"
咨询,ji***u (山东),2013-06-27 11:50,山东考生591分报考是否有希望,"
                                就往年分数看，还是有希望的，但分数优势不明显"
高考,ji***93 (山东),2013-06-27 11:40,您好，我是山东理科考生，成绩是578，请问报考鬼晓得几率有多大,"
                                首先：“鬼晓”应为“贵校” 就往年分数看，您的分数优势不明显"
能否被录取,so*** (广西),2013-06-27 11:17,您好，我是广西一考生，我的高考成绩是556分。我想问一下我能否被贵校录取，谢谢！,"
                                就往年分数看，还是有希望的，但分数优势不明显"
山东理工,hi***23 (山东),2013-06-27 11:15,请问山东理科分数580 全省排名38200 报考贵校是否有希望 有多大希望,"
                                就往年分数看，分数优势不明显"
咨询,62*** (山东),2013-06-27 11:14,老师好，我山东理科587，能报考贵校吗，有多大把握，有什么专业我能有较大把握？,"
                                就往年分数看，还是有希望的，但分数优势不明显"
河北理科生，咨询填报专业事宜,nu*** (河北),2013-06-27 11:07,老师，您好，我是一名河北理工生，今年高考分数605分，我想第一志愿就选咱们学校，我想问在关于填报所选专业时，我应该以所选5个专业的喜爱程度？在河北的招收人数？还是专业分的分数排名？选三个中的哪一个为准？并以怎样的排名？由高到低吗？希望老师给予回答，万分感谢！,"
                                专业需要看今年的招生报考情况，以及您的兴趣和今后就业倾向 倾向于专业分数排名"
咨询,rt*** (山西),2013-06-27 10:57,"老师,您好. 1,我是山西理工类考生,超一本线47分,能报考贵校吗? 2,被贵校提档后,服从专业调剂,一定不会被退档吗?","
                                就往年分数看，比较有把握 若分数达到调档分数线，并服从专业调剂，调档不退"
山西考生,sx*** (山西),2013-06-27 10:44,贵校是否设置顺序专业极差？,"
                                无"
请问威海校区与主校区有什么区别么？,po***sh (山西),2013-06-27 10:42,如题,"
                                我们与校本部在地里位置，专业设置等方面存在不同，但我们师资力量和教学硬件等还是很不错的。 大多数人关心的毕业证等是和本部一致"
山西考生,sx*** (山西),2013-06-27 10:41,老师您好，贵校有没有建筑学 工程管理这两个专业，分校和总校的待遇一样吗？,"
                                您可参考我校2013招生简章"
老师您好,ga***1 (山东),2013-06-27 10:39,老师你好，我是山东考生，高考成绩607分，高于一本线53分，请问能被贵校录取吗？贵校今年对山东考生的录取分数线大约到多少分？,"
                                就往年分数看，比较有把握，但专业不确定 目前还不能对录取线进行预估"
咨询,qi***o (陕西),2013-06-27 10:36,老师您好，我是陕西理科，高考成绩546分，可以报考贵校吗？哪些专业录取？,"
                                就往年分数看，还是有希望的，但分数优势不明显"
咨询,97*** (山西),2013-06-27 10:30,我是山西的考生，比一本线高54分，排名为5537，如果按今年扩招的计划请问能报考哈尔滨工业大学威海吗？能上的话能上电气工程及自动化或土木工程吗？能上一个什么专业？ 请发送到975875066@qq.comQQ号有一些详细问题待回答。谢谢,"
                                就往年分数看，还是有希望的，但专业不确定 您可在我校教务处网站下的本科招生历年分数网页，参考往年各专业分数 回答就不发您qq邮箱了~~~"
录取咨询,zy***807 (山西),2013-06-27 10:23,我是山西理科考生，想知道今年贵校预估分数线，不知道519分是否可以被录取,"
                                就往年分数看，分数优势不明显"
山西考生,w7*** (山西),2013-06-27 10:02,您好，我是山西考生，高考成绩578分，超一本线85分，省排名1500左右，进入贵校机械设计制造及其自动化专业希望大吗？,"
                                就往年分数看，很有希望"
录取,zy***807 (山西),2013-06-27 10:01,我是山西理科考生，今年考了519，高出一本线26分，能否被贵校录取,"
                                就往年分数看，分数优势不明显"
考生,10*** (山西),2013-06-27 09:53,我是山西考生535分，有希望上贵校吗？服从调剂，有退档风险吗?,"
                                就往年分数看，还是有希望的，但分数优势不明显 若分数达到调档分数线，并服从专业调剂，调档不退"
山东考生录取咨询,wq*** (山东),2013-06-27 09:45,你好：山东省理科成绩589分，高出一本线35分，报考贵校是否可以？几率多大？谢谢！,"
                                就往年分数看，分数优势不明显"
保险吗？,tx*** (山东),2013-06-27 09:45,威海考生，643分，排名4334，报优势专业。,"
                                就往年分数看，很有希望"
贵校的什么专业色弱可以填报？,dj*** (河北),2013-06-27 09:41,老师您好，问题同上。,"
                                请参考《普通高等学校招生体检工作指导意见》"
山东理科考生,13*** (山东),2013-06-27 09:24,老师您好，我是山东理科考生，今年考了630分，想报考贵校的车辆工程或者机械制造及其自动化，请问有多大把握？,"
                                就往年分数看，很有希望"
咨询,93*** (山东),2013-06-27 09:17,老师您好，我是山东理科生，今年考了620，高出一本线66分，全省11771名，能被贵校录取吗？若能，有希望报考贵校的车辆专业吗？谢谢！！,"
                                就往年分数看，很有希望"
2013年的招生章程,51*** (四川),2013-06-27 09:15,贵校2013年的招生章程哪里有？贵校今年在四川的招生计划是多少？,"
                                参考我校网站的本科生招生网页 四川计划65人"
咨询,zg*** (山东),2013-06-26 16:53,老师您好，我是山东理科考生，成绩比一本线高40分，请问报考贵校把握多大？谢谢。,"
                                就往年分数看，分数优势不明显"
录取,zy***807 (山西),2013-06-26 16:38,我是山西考生，考了519，高出一本线26分，能否被贵校录取,"
                                就往年分数看，分数优势不明显"
江西理科考生,al***p (江西),2013-06-26 16:14,本人江西理科561，一本517.本人对数学专业情有独钟，然而本部的数学专业分数太高。同是数学专业，贵校区和校本部有什么区别？成绩，表现和本部的人相同的话能否在出国保研就业等方面和本部的人享受同样待遇？我如果成绩优异能否被调去本部？如果能的话，要达到什么要求，这样的比例有多少？如果调去本部，那么就算是本部的人了吗？和威海校区还有什么联系（电子档案是否会显示是威海校区）？,"
                            我们与校本部在地里位置，专业设置等方面存在不同，但我们师资力量和教学硬件等还是很不错的。分数需要根据每年报考情况调节，所有各有不同 我校数学专业有很好的老师和教授 能够看出您的热情和真诚，我校学生可以保研到本部或考研 至于您后面的问题，我觉得问本部会更合适。您的问法，让我们多少有些伤感啊~~ 祝好"
咨询,bg*** (河南),2013-06-26 15:25,我是河南考生，超一本线43分，能否被贵校录取？,"
                                就往年分数看，分数优势不明显"
湖南理科考生,li*** (湖南),2013-06-26 15:16,"老师,您好!我是湖南理科考生,过一本线49分,排名11500名左右,不知能否被贵校录取,谢谢!!","
                                就往年分数看，分数优势不明显"
咨询,mj*** (北京),2013-06-26 14:45,北京理科597排名9300左右二志愿有希望被贵校提档吗,"
                                现在具体还不清楚"
咨询,19*** (河北),2013-06-26 14:19,老师您好：我是河北考生，今年超理科一本线48分，服从专业调剂，有希望被贵校录取吗？,"
                                就往年分数看，分数优势不明显，但也有希望还是"
老师您好,bt*** (河南),2013-06-26 14:14,我是河南理科572，高出一本线67，能上贵校吗？若我有幸能上，能报考什么专业？,"
                                就往年分数看，很有希望 您可在我校教务处网站下的本科招生历年分数网页，参考往年各专业分数"
我是黑龙江考生理科，分差,wf*** (黑龙江),2013-06-26 14:08,"我是黑龙江考生理科，591分,比控制线高64分，可以报贵校，把握大吗","
                                就往年分数看，比较有把握"
咨询,ga***an (山东),2013-06-26 13:25,老师您好，我是一名山东考生，2013年高考591分 超一本线37分，请问报考贵校有希望被录取么？谢谢老师,"
                                就往年分数看，分数优势不明显"
艺术理,zi***n (山东),2013-06-26 12:35,老师您好，我是山东艺术类考生，文化课成绩336，专业成绩186，咨询一下报考本校的美术类专业希望大吗？美术艺术类理科的，专业什么的可以服从。。,"
                                我校招有艺术特长类考生，但需要参加我校考试 您可在我校教务处网站下的本科招生历年分数网页，参考往年各专业分数"
北京理科620分,19*** (北京),2013-06-26 12:31,请问：2013年北京理科哈尔滨工业大学（威海）预计提档线？北京理科620分希望怎样？谢谢！盼复！,"
                                就往年分数看，比较有把握"
山西理科考生,15***46 (山西),2013-06-26 12:30,我是山西的理科考生 请问山西理科超一本线多少有希望进入贵校？我超出一本线58分 请问希望大吗？,"
                                就往年分数看，挺有把握的"
录取线,13***26 (山东),2013-06-26 11:52,山东理科 超过一本线36分 请问有几成把握可以被贵校录取？谢谢~,"
                                就往年分数看，分数优势不明显"
河北考生加分及录取问题,li*** (河北),2013-06-26 11:48,老师您好，我是河北考生，我今年高考597，加上优惠分10分607分，请问贵校是否承认加分，加分后名次是5200名，请问是否能被贵校录取,"
                                我校承认各省招办的加分政策 就往年分数看，比较有把握"
专业,be*** (山东),2013-06-26 11:47,老师您好，我是山东考生，过了一本线36分，有希望被贵校录取吗？能学什么层次的专业啊？有专业级差？转专业有什么条件啊？通过自己的努力能转到优势专业吗、概率多大？是见档不退吗？C9永远存在吗？还希望老师解答一下，谢谢您了,"
                            就往年分数看，分数优势不明显 专业需要看今年的招生报考情况，以及您的兴趣和今后就业倾向 无极差 学生在升入大二之前，如果本专业平均学习成绩在前30%，可以根据本人兴趣申请调换专业，具体参考《哈尔滨工业大学（威海）关于本科生转专业的规定及实施办法》 若分数达到调档分数线，并服从专业调剂，调档不退 C9会消失么？这要看国家政策了"
分数线，河南,12***osheng12 (河南),2013-06-26 11:05,您好！请问贵校2013年在河南理科录取分数线大概多少？录取名次会有升高吗？谢谢,"
                                现在还不能给您明确答复 但录取名次按往年规律，应该还会提升"
山西,zy*** (山西),2013-06-26 11:04,老师您好，我是山西考生，超出一本线63分，在山西省的位次3937报考贵校被录取的可能性有多大？,"
                                就往年分数看，比较有把握"
福建考生,z1***84 (福建),2013-06-26 11:03,请问，哈工大今年有在福建设置提前批吗？有没有国防生？各是什么专业？大概要超出本一线多少分？,"
                                抱歉，没有"
录取,f1*** (山西),2013-06-26 10:58,山西理科排名5537报贵校可以吗,"
                                请问您的分数？"
贵校和哈工大有什么细微区别。在就业上，有区别吗？,qi*** (山东),2013-06-26 10:53,另外，开学是否根据山东教育厅令进行语数英考试，而且分差过大着退学？？谢谢,"
                                我们与校本部在地里位置，专业设置等方面存在不同，但我们师资力量和教学硬件等还是很不错的。 就我校毕业学生看没有差别 都经过高考了，入学考试应该不怕了吧"
录取,57*** (河北),2013-06-26 10:50,你好 我是河北考生 理科 589 是否能被学校录取,"
                                就往年分数看，还是有希望的，但分数优势不明显"
关于专业,36*** (贵州),2013-06-26 10:45,老师您好，我是贵州省的考生，今年我的成绩高出一本分数线100分。1.请问报考你们学校有机会吗？ 2. 还有就是你们学校支持一年活两年后通过考试可以再选专业吗或者是支持选考二专业？ 3.我担心选择不了好的专业，想选服从调剂，一般这种分数较差的进去服从调剂会被调到哪些专业呢？会有医学方面吗,"
                            1比较有希望 2学生在升入大二之前，如果本专业平均学习成绩在前30%，可以根据本人兴趣申请调换专业，具体参考《哈尔滨工业大学（威海）关于本科生转专业的规定及实施办法》 我校在本科专业内培养双学位，需要是在某专业中的优秀学生，在所学规定课程合格的条件下，可授予双学士学位，学制4-6年 3调剂到相关专业"
咨询,wo*** (山西),2013-06-26 10:18,山西省今年541高一本线48分能去吗？服从专业调剂后调剂专业原则是什么？估计今年贵校在山西提档线范围是多少？贵校在山西提档比例是1：1吗？贵校在山西有无专业极差？,"
                                就往年分数看，比较有把握 投档比例105%，无专业级差"
高考咨询,ju*** (山东),2013-06-26 09:55,你好 我是山东考生 分数608 超一本线50 能否报考贵校工商管理学,"
                                就往年分数看，比较有把握"
录取,et*** (浙江),2013-06-26 09:32,老师您好，我是浙江考生 理科，高考成绩657，全省排名13386，对专业没什么要求，想报考贵校，请问有希望么？应该避开那些热门专业？,"
                                就往年分数看，还是有希望的，但分数优势不明显 我校车辆，自动化，船舶，机械制造等专业相对比较热门"
咨询,hu***taishan (天津),2013-06-26 09:25,老师好：我是天津理工考生，592分，高一本线71分，进贵校有希望吗？,"
                                就往年分数看，还是有希望的，但分数优势不明显"
河南理科生,yo***ng (河南),2013-06-26 09:24,您好，我是河南的理科生，超一本46分报考贵校有多大把握,"
                                就往年分数看，还是有希望的，但分数优势不明显"
入取咨询,gu***3 (辽宁),2013-06-26 09:23,老师您好：我是辽宁文史类考生，高考分数是578分，一志愿报的贵校，能进贵校吗？谢谢！,"
                                就往年分数看，还是有希望的"
天津理科考生,ok*** (天津),2013-06-25 16:47,老师你好，我是天津理科考生，高考分数超出一本线62分，请问是否有希望在贵校就读（服从调剂），谢谢您。,"
                                就往年分数看，分数优势不明显"
江苏理科录取,xi***ze (江苏),2013-06-25 16:42,"老师您好，我是江苏理科考生。AB+,349分，省排名22347.报考贵校有希望吗？谢谢","
                                就往年分数看，分数优势不明显"
2013高考理科602分，能入贵校吗,li***2013 (山东),2013-06-25 16:27,2013高考理科602分，能入贵校吗,"
                                就往年分数看，还是有希望的，但分数优势不明显"
江苏理科录取,xi***ze (江苏),2013-06-25 16:27,"老师您好，我是江苏理科考生。AB+,349分，省排名22347.报考贵校有希望吗？谢谢","
                                就往年分数看，分数优势不明显"
专业,wu***g (河北),2013-06-25 15:30,您好，我是河北理科考生，600分，高一本62分，全省裸分排名6535，我有望报考贵校哪些专业？谢谢,"
                                就往年分数看，挺有把握"
我是浙江考生，如果志愿服从调剂，请问贵校提档后退档吗？,11***4 (浙江),2013-06-25 15:20,我是浙江考生，如果志愿服从调剂，请问贵校提档后退档吗？,"
                                若分数达到调档分数线，并服从专业调剂，调档不退"
【山东一理科生】,be*** (山东),2013-06-25 15:17,您好。 我是山东一名理科生。非常想报贵校，发挥失常只考了588分，线上34分。请问报贵校录取的把握有多大？另外，报什么专业录取的可能性大？服从调剂。 四岁时先心治愈，对报贵校的专业有什么影响？因身体原因被退档的几率有多大？ 谢谢老师了。,"
                                就往年分数看，分数优势不明显"
吉林考生550分理科生能进吗,ti***nghu (吉林),2013-06-25 15:13,吉林考生550理科生能进贵校吗,"
                                就往年分数看，分数优势不明显"
录取,as*** (河北),2013-06-25 14:39,您好，如果是色盲但选上专业调剂，投档后会被退档吗,"
                                若分数达到调档分数线，并服从专业调剂，调档不退 请参考《普通高等学校招生体检工作指导意见》"
我是山东理科考生611分,wc*** (山东),2013-06-25 14:38,可以上贵校的车辆工程和计算机专业吗？,"
                                车辆专业你需要慎重考虑，可以冲一下 计算机比较有把握"
报考咨询,14***0 (河南),2013-06-25 14:32,您好，我是河南考生，今年考了577，高出一本线72分，请问报贵校有多大把握，谢谢,"
                                就往年分数看，很有希望"
报考咨询,wq*** (湖北),2013-06-25 14:24,我是湖北理科考生，成绩高出一本线35分，希望报考贵校的车辆工程、电子信息工程、电气工程等专业，被录取的希望大不大。如果专业服从调剂，有没有退档的风险。谢谢！,"
                                您可在我校教务处网站下的本科招生历年分数网页，参考往年各专业分数 若分数达到调档分数线，并服从专业调剂，调档不退"
山东考生,ar*** (山东),2013-06-25 14:10,我是山东考生，位次11026，想报考车辆工程专业，录取把握大么？,"
                                请问您的分数？"
位次,xy*** (云南),2013-06-25 13:14,您好！请问贵校往年在云南录取的位次情况如何？,"
                                您可在我校教务处网站下的本科招生历年分数网页，参考往年各专业分数 建议您查看分数，而非名次"
近视限报专业,cd*** (河北),2013-06-25 13:13,老师好，我近视度数800度以上，请问是否适合学习贵校的电子封装技术专业？,"
                                请参考《普通高等学校招生体检工作指导意见》"
天津理科生,15***2 (天津),2013-06-25 13:03,您好，我天津理科生597分，高出一本线76分，想报考贵校，希望大吗？这分数需要冲一下吗？,"
                                就往年分数看，比较有把握"
老师您好,24*** (河北),2013-06-25 11:31,"老师您好,我是河北省的考生,我今年高考成绩超出本一线57分,全省排名7913名,我要报考哈工大威海校区有没有把握?谢谢老师","
                                就往年分数看，比较有把握"
录取咨询,li*** (黑龙江),2013-06-25 11:03,你好，我是黑龙江考生，请问今年593分可以报考贵校什么专业？谢谢 6200名左右,"
                                就往年分数看，比较有把握 您可在我校教务处网站下的本科招生历年分数网页，参考往年各专业分数"
江西理科生,qq*** (江西),2013-06-25 10:20,您好，请问成绩高出一本线43分，能否报考贵校？服从调剂。谢谢！！,"
                                就往年分数看，比较有把握"
咨询,f1*** (河北),2013-06-25 09:59,大约高出本科一批多少分能被贵校录取？学一个较好的专业要高出多少分？,"
                                50分以上"
高考录取,ji***ming86 (山东),2013-06-25 09:49,我是山东理科考生625分全省9850名报考贵校被录取把握大嘛？被土木工程专业录取的把握有多大？ 谢谢解答,"
                                就往年分数看，比较有把握"
大学,cy***8 (江苏),2013-06-25 09:34,我是江苏理科考生，排名9900名，选修AA，是否可以报考贵校？若可以，是否可报考热能与动力工程，通信工程，材料科学与工程，土木工程专业？,"
                                请问您的成绩？"
咨询,li*** (黑龙江),2013-06-25 09:32,你好，我是黑龙江考生，请问今年593分可以报考贵校什么专业？谢谢,"
                                就往年分数看，比较有把握，但专业不确定 您可在我校教务处网站下的本科招生历年分数网页，参考往年各专业分数"
河北考生,ni***g (河北),2013-06-24 16:31,对河北加分政策在投档和专业录取时承认吗？,"
                                承认"
是否可以部分服从调剂,19*** (贵州),2013-06-24 16:06,我是一名理科考生，我很想进入贵校学习，但我实在不喜欢行政管理，物流管理，工商管理，电子商务类专业。是否可以部分服从调剂。,"
                                 只有是否服从调剂栏，没有部分之说
 您可以考虑之后转专业"
黑龙江录取,44*** (黑龙江),2013-06-24 13:40,您好：我是2013年黑龙江考生，考分580，有机会进入贵校吗？若有，那机会大吗？谢谢。,"
                                 就往年分数看，还是有希望的，但分数优势不明显"
老师你好！,aa*** (贵州),2013-06-24 12:30,老师你好！这次考得很差，理科只得了265分，想上你们学校，不知道有没有机会啊？,"
                                 您是说理综还是总成绩265？贵州理科今年分数线是449"
志愿填报,cx*** (山东),2013-06-24 11:28,老师您好。我通过了贵校的自主招生，请问在填报志愿时该怎样填报，需要注意什么？谢谢。,"
                                 您需要在填报志愿的自主自主招生栏填写我校信息
 网站上的不用填了"
录取,lp*** (贵州),2013-06-24 11:26,老师您好，我是贵州考生。超出一本线96分，排名3900名左右。有希望被贵校录取吗？能就读贵校什么专业？,"
                                 就往年分数看，比较有把握
 您可在我校教务处网站下的本科招生历年分数网页，参考往年各专业分数"
甘肃考生,95*** (甘肃),2013-06-24 09:58,我是甘肃考生分数554超一本65分，排名4922，请问在“机械设计制造及自动化”、“电气工程”、“能源与动力工程”。请问根据往年情况报考贵校的那一个专业更有把握？录取的可能性更大？,"
                                 就往年分数看，还是有希望的，但分数优势不明显
 您可在我校教务处网站下的本科招生历年分数网页，参考往年各专业分数"
双专业,pc*** (山东),2013-06-24 09:50,请问贵校能学习双专业吗？双专业都合格的毕业证上按双专业毕业还是报考专业毕业？谢谢,"
                                 我校在本科专业内培养双学位，需要是在某专业中的优秀学生，在所学规定课程合格的条件下，可授予双学士学位，学制4-6年"
你好,31*** (河北),2013-06-24 09:10,河北考生理科过一本线43分，报贵校录取机会大吗？,"
                                 就往年分数看，分数优势不明显"
辽宁考生,ch*** (辽宁),2013-06-19 15:09,我是辽宁考生，第一志愿报了贵校，录取信息怎么查寻,"
                                 请您稍后关注我校招生网站信息"
在山东的招生,28***5 (北京),2013-06-19 12:19,老师您好，请问贵校在山东招生是按照分数优先还是志愿优先。假设我报的某专业为第一位，但分数较第六位为该专业的同学低，请问老师，录取我还是另一位同学？感谢您的回答,"
                                 分数优先，山东实行平行志愿"
级差,qi***emeng (辽宁),2013-06-18 11:20,贵校有无级差分？,"
                                 无级差"
咨询,zf*** (江苏),2013-06-18 11:10,"老师您好,我是江苏理科考生,请问贵校去年在江苏录取的最低位次是多少?专业服从,是否进档不退?谢谢您","
                                 本校2012年江苏的一本线是340
 专业服从调剂，进档不退档"
单科成绩,lw*** (山东),2013-06-18 10:05,贵校哪些专业对单科成绩有要求，有何要求？,"
                                 无单科要求"
自主招生批及一批次,lw*** (山东),2013-06-18 09:40,老师您好！自主招生批和本科一批一志愿填报时间在同一天，我已获得本校自主招生合格资格，我在填报自主招生批院校的同时，是否还填写本科一批一志愿？若填写本科一批一志愿，是否还需在六个平行志愿中的第一志愿再填写自主招生院校?谢谢！,"
                                 在自主招生栏填写即可"
文史类咨询,bb*** (河北),2013-06-17 16:56,我是河北文史类考生，今年有在河北招生计划吗？投档线预计多少。,"
                                 抱歉，我们今年在河北省没有文史类的招生计划"
专业级差,13***08 (云南),2013-06-17 13:40,你好：是否有专业级差，如果有，是多少？谢谢,"
                                 无级差"
录取方式,22*** (陕西),2013-06-14 16:47,1、请问老师是不是看贵校往年在陕录取车辆工程学生的平均位次更准确一点？ 2、请问车辆和船舶哪个更有前途，貌似我国南海老出事..,"
                                 1是的 2您说的两个专业在我们学校都是非常不错的专业，这需要看您的兴趣和以后的就业打算"
大学退学复读录取,13***08 (云南),2013-06-14 14:42,你好：1，从大学正常办理退学手续复读是否录取。2，往届应届是否一视同仁。3，云南平行志愿专业服从调剂是否退档。谢谢,"
                                 1正常录取
 2一视同仁
 3不退档"
咨询,zf*** (江苏),2013-06-14 12:49,"老师您好,我是江苏理科考生,想请问您贵校去年在江苏录取的最低位次是多少?专业录取时是否认可政策加分?专业录取的方式是什么?有无专业级差?今年的计划是多少?我估分356,另有10分加分,报考贵校的可能性有多大?谢谢您了!","
                                 1去年一本线340
 2承认
 3平行志愿，无专业级差
 4江苏今年计划招生85人，具体专业分布可参考学校招生网站
 5您可参考过去3年的录取分数和平均分数，一般情况下高出一本线50左右报考比较有把握"
招生计划,kq*** (山东),2013-06-14 11:18,老师：你好！请问哈工大（威海）今年在山东省的招生计划是否包含贵校自主招生的考生数？谢谢,"
                                 不包括"
咨询,zf*** (江苏),2013-06-13 16:41,"老师您好,我是江苏理科考生,想请问您贵校去年在江苏录取的最低位次是多少?专业录取时是否认可政策加分?专业录取的方式是什么?有无专业级差?谢谢您了!","
                                 1去年一本线340
 2承认
 3平行志愿，无专业级差"
大学退学复读录取,13***08 (云南),2013-06-13 14:40,你好：1，从大学正常办理退学手续复读是否录取。2，往届应届是否一视同仁。3，云南平行志愿专业服从调剂是否退档。谢谢,"
                                 1正常录取
 2一视同仁
 3不退档"
招生章程。,95*** (河南),2013-06-13 10:36,哈尔滨工业大学(威海)的招生章程什么时候出来？在河南有没有专业级差？安排专业时承认不承认政策性的加分？有没有什么限制色弱的专业。,"
                                 1招生简章已经出来了，请参考本校网站的：招生就业--本科生招生 网站
 2没有专业级差
 3承认
 4请参考教育部颁发的《普通高校招生体检工作指导意见》，本校完全是按照此指导意见执行"
毕业证。,95*** (河南),2013-06-13 10:30,本校毕业证和威海分校毕业证在文字描述里是否完全一样。能否看出是分校还是本校。,"
                                 完全一样的"
福建考生,z1***84 (福建),2013-06-13 10:27,我是一名福建考生，请问，要考上你们的学校，需要超出本一线多少分或者在福建省排名要多少名？,"
                                 每年具体情况都不一样，不过您可以参考往年的录取分数线，一般情况下高出一本线50左右报考比较有希望"
老师您好！,cu*** (山东),2013-06-13 09:58,老师您好！我是山东省考生。山东省2013年实行平行志愿，有以下二个问题咨询： 1、哈工大本校与威海学校的毕业证没有区别，那本校与分校学生的电子信息档案是否有区别？ 2、贵校是“专业志愿优先无级差？是否见档不退？,"
                                 1毕业证没有区别，档案归山东省保管
 2是的"
13年山东文科小语种,cl***22 (山东),2013-06-13 09:55,?我想报考贵校的小语种。如果被投档又没被所报专业录取的话，被调剂到非语言类专业，入学后可否转到小语种专业？入学多长时间可以转，需要什么条件？ ?各小语种专业有官方提供的对外交流的机会吗？都到哪些国家？多长时间？费用多少？ ?在校期间可以修第二学历和学位吗？专业可以自己任选吗？ ?投档后如服从调剂就不会被退档，是吗？ ?谢谢！,"
                             1可以转
 2升大二前可以转专业，需要所学专业平均学习成绩在前30%，具体参考《哈尔滨工业大学（威海）关于本科生转专业的规定及实施办法》
 3有交流机会，到韩国、英国、澳大利亚和美国等国家，时间和费用有所不同，具体可以参考哈工大（威海）教务处下的国际合作办公室网站
 4可以，本校在所设置的本科专业内进行培养双学士学位的工作，需是在所学专业的部分优秀学生
 5是的"
毕业证,da***ngshiyou197 (辽宁),2013-05-10 15:38,老师您好：毕业证上写没写“威海分校”？,"
                                 没有，毕业证和学位证跟校本部完全一样"
加分、调剂、退档,zi***l (河南),2013-05-10 15:37,你好，我是河南2013年理科考生 ，有省招办认可的运动员20分加分。请问：1、贵校对此加分认可否？是只提档认可加分，还是一认到底，专业录取也认可加分？2、若服从调剂，调剂时，是等后边人都按专业志愿录取后的剩余专业调剂，还是先给我调剂了专业再录取后边的人？3、若是前者，是否承诺提档不退档？万一没有剩余余的专业，是追加计划还是退档？谢谢！麻烦老师给解释一下,"
                                 所有考生当地省招办投过来的加分，我校都承认，排专业也认。
 2、按分数优先的原则录取专业
 3、平行志愿省份的考生，只要专业服从调剂，我校不退档。"
自主招生协议书,sd***eng (山东),2013-05-10 15:26,自主招生协议书在网上未体现出是否收到，是否所有通过的考生都没有填收到。,"
                                可以到阳光高考平台查询公示"
什么时候报名？,sd***eng (山东),2013-05-10 15:24,什么时候报名？,"
                                填报志愿要看当地省招办安排的时间"
咨询,wy*** (河北),2013-05-10 13:23,贵校近三年河北招生中，有无服从志愿调剂又身体条件合格退档的考生。,"
                                平行志愿省份的考生，只要专业服从调剂且身体条件符合体检政策，我校不退档"
关于招生计划,xi***1 (北京),2013-05-10 11:11,您好，看招生计划上贵校向北京投放15个名额，在加上给二志愿预留15个名额，其实最终可能录到30人对吗？,"
                                可能"
咨询,ji***eng (北京),2013-05-10 10:29,"老师您好！请问该校是否招北京二志愿的考生,录取分数多少","
                                我校接收一志愿报考哈工大校本部，二志愿报考威海校区的学生。 录取分数是要录取结束才能知道的"
山东济南考生，过一本线多少分可以报考？,95*** (山东),2013-05-09 16:11,山东济南考生，拟报考贵校车辆工程，过一本多少可以报考？,"
                                请到我校区招生办网站查询最近三年的录取分数作为参考"
二志愿,dr*** (北京),2013-05-09 14:53,北京理科考生，高出北京一本线100分，二志愿报考贵校可否？今年在北京有可能扩招吗？,"
                                我校预留二志愿计划接收一志愿报考哈工大校本部，二志愿报考威海校区的北京考生。是否扩招是录取的时候看生源情况。"
国家重点学科有吗,gu*** (江苏),2013-05-09 12:03,威海校区有国家重点学科（一或二级）吗。,"
                                 材料、计算机、管理"
咨询,zf*** (江苏),2013-05-09 09:46,"老师您好,我是江苏考生,想请问您贵校去年在江苏录取的最低位次是多少?专业录取时是否认可照顾加分?专业录取的方式是什么?有无专业级差?谢谢您了!","
                                2012年我校在江苏录取最低分357，录取时承认省招办投过来的加分，专业按照分数优先的原则，没有专业级差。"
在山东的招生计划和专业,ya***1 (山东),2013-05-08 10:57,请问贵校今年在山东的招生计划有无变化？在招生专业和政策方面有调整么？谢谢！,"
                                招生计划目前教育部没有批下来"
550,so***1 (重庆),2012-05-11 16:57,请问老师重庆文科中等成绩550分报贵校那个专业较好？谢谢！,"
                                我校在重庆没有文科计划"
是只有第一志愿报本校才收二志愿吗?,cx*** (北京),2012-05-11 16:12,是只有第一志愿报本校才收二志愿吗?还有其他情况吗?,"
                                我校一志愿未满的情况下招收二志愿考生。
北京考生一志愿报考本部，二志愿报考威海校区可以，我们有15个左右的预留计划接收二志愿。"
专业录取,sh***sheng8 (山西),2012-05-11 15:43,（1）进校后能转专业吗？能转入国防生吗？（2）平行志愿，服从调剂，仅当后还退档吗？（3）车辆工程是研究什么的？将来在哪里就业？前景如何?电子信息工程呢？谢谢您了！,"
                                1、大一下学期可以转专业，威海校区没有国防生。
2、不退
3、车辆设计
4、一般情况下是跟车辆相关的行业，如一汽，上汽等；
5、请查看威海校区招生网站关于专业的介绍。"
二学位,ct*** (北京),2012-05-11 11:36,请问贵校能修二学位吗?什么条件能修二学位?谢谢!,"
                                可以修二学位，本专业成绩要优秀。"
专业级差,74*** (北京),2012-05-11 09:09,你好请问贵校在录取时有无专业极差,"
                                没有专业级差"
二志愿报贵校,w5*** (北京),2012-05-10 11:30,贵校是不是优先考虑一志愿报贵本校落榜二志愿报贵校的考生呀？,"
                                一志愿报考哈工大校本部，二志愿报威海校区可以。"
校区,ws*** (北京),2012-05-10 10:41,威海校区的毕业证注明是威海吗？威海校区与本部同专业相比，分数低多少（安徽）？,"
                                不注明校区，哈工大统一颁发的完全一样的毕业证。专业分数情况每年不确定，整体来看，威海校区比校本部要低30-40分左右。"
北京二志愿,zh*** (北京),2012-05-10 09:25,请问贵校招收北京大学的二志愿吗？谢谢,"
                                一志愿不满的情况下招收二志愿考生。"
是否招二志愿(北京),xu*** (北京),2012-05-09 16:04,是否招二志愿?分数多少?,"
                                一志愿不满的情况下招收二志愿考生，但这些年一志愿都满。
可以一志愿报考哈工大校本部，二志愿报考威海校区，我们有15个左右的预留指标用来录取这种情况的考生。"
毕业证,yj*** (北京),2012-05-09 15:32,请问贵校毕业证和本部西北工业大学的毕业证书是一样的吗？毕业证上会写明威海校区吗？,"
                                完全一样的，不注明校区。"
北京报考哈工大(威海),xu*** (北京),2012-05-09 12:46,"该校是否招二志愿的考生,录取分数多少","
                                一志愿不满的情况下招收二志愿考生，但这些年一志愿都满。
可以一志愿报考哈工大校本部，二志愿报考威海校区，我们有15个左右的预留指标用来录取这种情况的考生。
录取分数要高于威海校区一志愿考生的平均分数。"
请问:,ji*** (北京),2012-05-09 11:03,"北京考生,请问老师:2011年在京招二志愿考生,本年度还招吗?","
                                一志愿不满的情况下招收二志愿考生，但这些年一志愿都满。
可以一志愿报考哈工大校本部，二志愿报考威海校区，我们有15个左右的预留指标用来录取这种情况的考生。"
贵校北京政策性加分认吗？,cx*** (北京),2012-05-09 10:59,1.贵校北京政策性加分认到分专业吗？有专业级差吗？2.提档后服从分配是否不退档？对单科成绩有要求吗？3.贵校往年招收二志愿人数和最低分数是多少？谢谢！,"
                                北京市招办投过来的加分我们学校是承认的。
没有专业级差；
北京分数末端的考生有退档的可能；
单科成绩没有要求
一志愿不满的情况下招收二志愿考生，但这些年一志愿都满。
可以一志愿报考哈工大校本部，二志愿报考威海校区，我们有15个左右的预留指标用来录取这种情况的考生。"
